م,المحافظة,المرحلة,المديرية,اسم المشروع,عدد المستفيدين,طبيعة الاعمال,تكلفة المشروع  التقديرية,تكلفة مساهمة المجتمع,تكلفة مساهمة الوحدة,متوسط العرض المنفذ,الطول المنجز,الشق,التوسعة,المسح والتسوية,حفر انشائي م3,جدران كتلية,مباني حجر,رصف حجري,رصف خرساني,تكلفة الاعمال المنجزة,المعتمد,المنصرف,المتبقي,المعتمد,المنصرف,المتبقي,المعتمد,المنصرف,المتبقي,النوع / الوحدة,المعتمد,المنصرف,المتبقي,تكلفة مساهمة الوحدة المسلمة,ملاحظات,,,,,,,,,,,,المرحلة
1,إب,الثانية,الرضمة,مسح وتوسعة ورصف طريق كولة باحاج,1500,اعمال ترابية واعمال انشائية,"11,936,025.4","9,365,294.0","2,570,731.4",7,"1,440",0,"1,777","1,850",0,0,0,0,0,"2,863,692",315,0,315,0,0,0,996,996,0,0,0,0,0,"473,100",تم تنفيذ الاعمال الترابية وقد سبق ان تم تنفيذ اعمال انشائية في المرحلة السابقة للمشروع ولذا نقترح اغلاقها بوضعها الراهن,#REF!,0,0,0,0,0,#REF!,0,#REF!,#REF!,,الثانية
2,إب,الثانية,الرضمة,مسح وتوسعة ورصف طريق قرية همدان,1500,اعمال ترابية واعمال انشائية,"5,011,053.0","3,888,600.0","1,122,453.0",3,115,0,0,0,0,0,0,345,0,"4,171,050",137,134,3,0,0,0,288,144,144,0,0,0,0,"604,200",تم تنفيذ الاعمال كرصف مشقلب ويجب اغلاقها كونها متوقفة وقد وصل نسبة إنجازها 83%,#REF!,0,0,0,0,0,#REF!,0,#REF!,#REF!,,الثانية
3,إب,الثانية,الرضمة,مسح وتوسعة ورصف طريق عقبة بيت العشاوي,7000,اعمال ترابية واعمال انشائية,"22,633,233.0","14,991,099.1","7,642,133.8",4,455,0,0,0,0,0,78,170,161,"16,059,168","1,280","1,280",0,0,0,0,863,863,0,0,0,0,0,"5,584,325",تم تنفيذ الاعمال بصورة جيدة ويجب اغلاقها وتسليمها للجهات المعنية,#REF!,1,0,0,0,0,#REF!,0,#REF!,#REF!,,الثانية
4,إب,الربع الاول من العام 1446هـ,الرضمة,مسح وتوسعة ورصف طريق تمار,1000,اعمال ترابية واعمال انشائية,"74,055,169.0","58,073,865.0","15,981,303.0",0,0,0,0,0,0,0,0,0,0,0,"2,571",0,"2,571",0,0,0,"5,236",0,"5,236",0,0,0,0,0,بانتظار صرف كميات من الديزل لاستئناف الاعمال الترابية,,,,,,,,,,,,الملحقة
5,إب,الثانية,الرضمة,مسح وتوسعة ورصف طريق بيت حميد - زبيد الحديدة,5000,اعمال ترابية واعمال انشائية,"23,028,670.2","18,394,891.3","4,633,779.0",0,0,0,0,0,0,0,0,0,0,0,589,0,589,0,0,0,"1,736",0,"1,736",0,0,0,0,"1,346,500",تم تحوبل الكمية التي تم صرفها (346) كيسا لهم سابقا الى مبادرتي طريق نقيل فوق الغيلي حجل ومبادرة تأهيل طريق الجبوب الغيلي بارقام صرف 330927و 330926 بسبب اعتذار المجتمع عن تنفيذ المبادرة,#REF!,0,0,0,0,0,#REF!,0,#REF!,#REF!,,الثانية
6,إب,الربع الاول من العام 1446هـ,الرضمة,مسح وتوسعة ورصف طريق بيت الورد,1000,اعمال ترابية واعمال انشائية,"20,091,217.9","6,222,334.8","13,868,883.1",4,298,0,0,0,0,0,0,"1,043",0,"10,494,120",525,300,225,"1,543",0,"1,543",297,0,297,0,0,0,0,"990,000","تم تنفيذ الاعمال بالكميات المنصرفة من الاسمنت ويطالبون ببقية الكمية لاستكمال الاعمال
",,,,,,,,,,,,الملحقة
7,إب,الربع الاول من العام 1446هـ,الرضمة,مسح وتوسعة ورصف طريق المعاين,800,اعمال ترابية واعمال انشائية,"16,156,499.5","5,026,967.3","11,129,532.3",4,212,0,0,0,0,0,0,784,0,"9,483,396",420,250,170,"1,234",0,"1,234",271,0,271,0,0,0,0,"892,500",يطالبون ببقية مساهمة الوحدة حيث وقد تم تنفيذ الاعمال جيدا بما يتناسب مع المنصرف من الاسمنتت,,,,,,,,,,,,الملحقة
8,إب,الثانية,الرضمة,مسح وتوسعة ورصف طريق الخرابة التربة,4000,اعمال انشائية,"22,320,306.0","17,747,969.2","4,572,336.8",7,468,0,0,0,0,0,0,"3,276",0,"39,606,840",623,605,18,0,0,0,"1,314",657,657,0,0,0,0,"2,536,175",مبادرة منجزة ويجب نزول فريق مشترك من إدارة الوحدة من الإدارات المعنية وفريق الوحدة بالمحافظة والسلطة المحلية والجهات المعنية لاغلاقها وتسليمها للجهات المعنية,#REF!,1,0,0,0,0,#REF!,0,#REF!,#REF!,,الثانية
9,إب,الثانية,الرضمة,مسح وتوسعة ورصف طريق الخبانية ونقيل عنبر,2000,اعمال ترابية واعمال انشائية,"20,457,770.2","16,648,215.7","3,809,554.5",4,353,0,0,0,0,0,22,"1,835",0,"21,009,360",543,622,-79,0,0,0,702,702,0,0,0,0,0,"2,972,390"," مبادره منجزه ولم تصرف الكميات المتبقيه  من الديزل تم عمل الاوامر التغييرية كالتالي حذف الكميات المعتمده والغير منفذه للبنود                 رصف حجري مع مونة اسمنتية
     حذف البنود المعتمده والغير منفذه وهي    التوسعة (ترابية) التوسعة( مختلط) المسح والتسوية                إضافة بنود غير معتمده في الدراسه كبنود جديده  وهي               مباني حجر (جدران ساندة)
ربارب       ",#REF!,1,0,0,0,0,#REF!,0,#REF!,#REF!,,الثانية
10,إب,الثانية,الرضمة,مسح وتوسعة ورصف طريق (بيت السباعي-شمظة-بيت الاقرع),6000,اعمال ترابية واعمال انشائية,"30,040,980.0","23,929,846.2","6,111,133.8",4,294,0,0,0,0,0,5,811,42,"12,195,175",840,420,420,0,0,0,"1,772",886,886,0,0,0,0,"2,100,850","تم تنفيذ الاعمال جيدا بما يتناسب مع المنصرف من الاسمنت ويطالبون بصرف بتقي الكمية، وقد تم عمل الاوامر التغييرية كالتالي إضافة بنود غير معتمده في الدراسه كبنود جديده  وهي               مباني حجر (جدران ساندة)
   رصف خرساني عمش    اغلاق المبادرة بالوضع الحالي غير مستعد المجتمع لمواصله الاعمال",#REF!,0,0,0,0,0,#REF!,0,#REF!,#REF!,,الثانية
11,إب,الثانية,الرضمة,مسح وتسوية ورصف طريق هجاره,300,اعمال ترابية واعمال انشائية,"10,167,140.3","6,896,010.0","3,271,130.3",4,108,0,0,0,0,0,0,0,36,"2,459,160",565,432,133,0,0,0,0,0,0,0,0,0,0,"1,547,900",تم استئناف العمل مؤخرا بعد توقفها لاشهر,#REF!,0,0,0,1,1,#REF!,0,#REF!,#REF!,,الثانية
12,إب,الربع الاول من العام 1446هـ,الرضمة,مسح  ورصف طريق السرفي - المدارة - الرباط,3000,اعمال ترابية واعمال انشائية,"17,906,009.3","14,507,469.2","3,398,540.0",4,177,0,0,0,0,0,10,230,103,"8,482,283",382,382,0,0,0,0,196,0,196,0,0,0,0,"1,284,400",تم تنفيذ الاعمال جيدا وقد تم تنفيذ رصف خرساني بدلا عن الحجري وتعتبر مبادرة منجزة,,,,,,,,,,,,الملحقة
13,إب,الثانية,الرضمة,رصف طريق هبر,1500,اعمال ترابية,"2,209,550.5","1,355,028.0","854,522.5",5,700,0,"1,575",700,0,0,0,0,0,"2,162,125",0,0,0,0,0,0,"1,280",640,640,0,0,0,0,"304,000",مبادرة منجزة ويجب نزول فريق مشترك من إدارة الوحدة من الإدارات المعنية وفريق الوحدة بالمحافظة والسلطة المحلية والجهات المعنية لاغلاقها وتسليمها للجهات المعنية,#REF!,0,0,0,0,0,#REF!,0,#REF!,#REF!,,الثانية
14,إب,الأولى,الرضمة,رصف طريق نقيل فوق الغيلي - حجل,5000,اعمال انشائية,"36,956,379.4","28,537,980.0","8,418,399.4",4,641,0,0,0,0,0,0,"2,194",121,"32,691,831","1,438",919,519,0,0,0,0,0,0,0,0,0,0,"4,036,560","مبادره منجزه ولم تصرف الكميات المتبقيه  من الاسمنت تم عمل الاوامر التغييرية كالتالي اعمال اضافيه حيث تم تنفيذ كميات زائدة عن المعتمده للبنود              ربارب رصف حجري مع مونة اسمنتية
     إضافة بنود غير معتمده في الدراسه كبنود جديده  وهي                    خرسانة مسلحة  ",#REF!,0,0,0,0,0,#REF!,0,#REF!,#REF!,,الأولى
15,إب,الثانية,الرضمة,رصف طريق نقيل الحرة بيت المحيا المعاين,2000,اعمال انشائية,"16,900,755.0","13,407,000.0","3,493,755.0",4,378,0,0,0,0,0,0,"1,127",18,"14,885,199",470,470,0,0,0,0,"1,008","1,008",0,0,0,0,0,"2,500,500",تم تنفيذ الاعمال بصورة جيدة ويجب اغلاقها وتسليمها للجهات المعنية,#REF!,1,0,0,0,0,#REF!,0,#REF!,#REF!,,الثانية
16,إب,الأولى,الرضمة,رصف طريق كولة باحاج,2000,اعمال انشائية,"48,944,199.2","40,295,140.0","8,649,059.2",3,323,0,0,0,0,0,30,"1,550",50,"16,182,050","1,415",850,565,0,0,0,0,0,0,0,0,0,0,"3,676,250",تم انجاز الاعمال بصورة جيدة ولزم اغلاق المبادرة,#REF!,1,0,0,0,0,#REF!,0,#REF!,#REF!,,الأولى
17,إب,الربع الثاني من العام 1446هـ,الرضمة,رصف طريق قرية ذي يعلل,1743,اعمال انشائية,"15,976,845.0","13,685,700.0","2,291,145.0",3,50,0,0,0,0,0,0,165,0,"1,994,850",372,100,272,0,0,0,0,0,0,0,0,0,0,"430,000",يتم تنفيذ الاعمال بصورة جيدة وبوتيرة بطيئة,,,,,,,,,,,,مبادرات تم صرف لها كمبات اسمنت وليست ضمن الموقف ولا يوجد لها مصفوفات معمدة
18,إب,الربع الثاني من العام 1446هـ,الرضمة,رصف طريق قرية ذي لحية,750,اعمال انشائية,"17,093,339.3","14,560,987.5","2,532,351.8",4,75,0,0,0,0,0,0,263,0,"3,173,625",440,100,340,0,0,0,0,0,0,,,,0,"430,000",تنفذ الاعمال جيدا,,,,,,,,,,,,موجودات ضمن تقرير الموقف ولا يوجد مصفوفات معمدة
19,إب,الربع الثاني من العام 1446هـ,الرضمة,رصف طريق قرية ذي عباده ذي سنبه,750,اعمال ترابية واعمال انشائية,"32,579,897.8","28,046,681.3","4,533,216.6",3,45,0,0,0,0,0,0,8,18,"1,363,560",763,100,663,0,0,0,0,0,0,0,0,0,0,"430,000",العمل متوقف لاسباتب غير معروفة لعدم تجاوب اللجنة ومن الضروري النزول لمعرفة الأسباب واتخاذ اللازم,,,,,,,,,,,,مبادرات تم صرف لها كمبات اسمنت وليست ضمن الموقف ولا يوجد لها مصفوفات معمدة
20,إب,الأولى,الرضمة,رصف طريق قرية المصنعة,1000,اعمال انشائية,"17,753,657.8","14,636,561.0","3,117,096.8",3,119,0,0,0,0,0,0,405,0,"4,891,614",490,490,0,0,0,0,0,0,0,0,0,0,0,"2,072,430",يتم اغلاقها كونها لم تباشر الاعمال منذ اكثرمن ثمانية اشهر وقد تم الرفع بذلك للسلطة المحلية.,#REF!,0,0,0,0,0,#REF!,0,#REF!,#REF!,,الأولى
21,إب,الربع الثاني من العام 1446هـ,الرضمة,رصف طريق قرية المشرف,399,اعمال انشائية,"32,501,650.0","27,157,684.6","5,343,965.4",6,180,0,0,0,0,0,0,"1,105",0,"12,356,690",765,450,315,0,0,0,"1,606",606,"1,000",0,0,0,0,"2,222,850",تنفذ الاعمال جيدا,,,,,,,,,,,,مبادرات تم صرف لها كمبات اسمنت وليست ضمن الموقف ولا يوجد لها مصفوفات معمدة
22,إب,الثانية,الرضمة,رصف طريق قرية الخرابة,1000,اعمال انشائية,"6,543,384.0","5,242,800.0","1,300,584.0",4,158,0,0,0,0,0,0,553,0,"6,685,770",192,192,0,0,0,0,0,0,0,0,0,0,0,"779,430",تم تنفيذ الاعمال بصورة جيدة ويجب اغلاقها وتسليمها للجهات المعنية,#REF!,1,0,0,0,0,#REF!,0,#REF!,#REF!,,الثانية
23,إب,الربع الثاني من العام 1446هـ,الرضمة,رصف طريق قرية الجرف,455,اعمال انشائية,"73,233,000.0","61,354,655.8","11,878,344.2",4,130,0,0,0,0,0,0,502,5,"6,328,180","1,729",450,"1,279",0,0,0,"3,628",628,"3,000",0,0,0,0,"2,233,300",متوقف لعدم توفر مساهمة المجتمع,,,,,,,,,,,,موجودات ضمن تقرير الموقف ولا يوجد مصفوفات معمدة
24,إب,الأولى,الرضمة,رصف طريق قرعد,2500,اعمال انشائية,"24,854,245.5","19,512,735.5","5,341,510.1",4,161,0,0,0,0,0,0,0,110,"7,385,400",714,712,2,0,0,0,"1,632",0,"1,632",0,0,0,0,"3,022,170",مبادرة منجزة ويجب نزول فريق مشترك من إدارة الوحدة من الإدارات المعنية وفريق الوحدة بالمحافظة والسلطة المحلية والجهات المعنية لاغلاقها وتسليمها للجهات المعنية,#REF!,1,0,0,0,0,#REF!,0,#REF!,#REF!,,الأولى
25,إب,الثانية,الرضمة,رصف طريق قبلي - الوادي,1000,اعمال انشائية,"19,071,789.0","15,146,646.2","3,925,142.8",3,78,0,0,0,0,0,0,250,0,"3,022,500",532,150,382,0,0,0,"1,124",0,"1,124",0,0,0,0,"600,000",تم تنفيذ جزء بسيط من الاعمال ولم نجد تجاوب من قبل اللجنة المجتمعية وقد تم الرفع للسلطة المحلية ومخاطبتهم بذلك لمرتين ولم يفيدونا حتى الان,#REF!,0,0,0,0,0,#REF!,0,#REF!,#REF!,,الثانية
26,إب,الثانية,الرضمة,رصف طريق عقيب بيت الحيدري,1000,اعمال ترابية واعمال انشائية,"10,739,295.0","8,475,153.8","2,264,141.2",5,42,0,0,0,0,0,0,260,4,"3,131,300",298,149,149,0,0,0,628,0,628,0,0,0,0,"698,480",متعثرة بسبب عدم تفاعل الأهالي وتوفير مساهمتهم,#REF!,0,0,0,0,0,#REF!,0,#REF!,#REF!,,الثانية
27,إب,الثانية,الرضمة,رصف طريق شعب السنف,1500,اعمال انشائية,"11,300,748.0","8,821,446.2","2,479,301.8",4,125,0,0,0,0,0,0,475,0,"5,742,750",334,167,167,0,0,0,660,330,330,0,0,0,0,"824,650",تم تنفيذ الاعمال جيدا بما يتناسب مع المنصرف من الاسمنت الديزل,#REF!,0,0,0,0,0,#REF!,0,#REF!,#REF!,,الثانية
28,إب,الربع الثاني من العام 1446هـ,الرضمة,رصف طريق ذي أشرع -سودان,1600,اعمال انشائية,"160,196,526.2","138,256,268.0","21,940,258.2",4,670,0,0,0,0,0,0,"2,677",0,"32,364,930","4,628","1,489","3,139",0,0,0,0,0,0,0,0,0,0,"5,411,771",العمل جار بصورة جيدة,,,,,,,,,,,,مبادرات تم صرف لها كمبات اسمنت وليست ضمن الموقف ولا يوجد لها مصفوفات معمدة
29,إب,الثانية,الرضمة,رصف طريق بيت مغنيز,3000,اعمال انشائية,"20,950,509.0","16,651,184.6","4,299,324.4",0,0,0,0,0,0,0,0,0,0,0,585,0,585,0,0,0,"1,233",0,"1,233",0,0,0,0,0,اغلاق المشروع كمتعثر حيث لم تشكل لجان ولم يبادرو بالاعمال,#REF!,0,0,0,0,0,#REF!,0,#REF!,#REF!,,الثانية
30,إب,الثانية,الرضمة,رصف طريق بيت بدر والنجد,500,اعمال ترابية واعمال انشائية,"6,373,636.2","4,791,207.9","1,582,428.4",0,0,0,0,0,0,0,0,0,0,0,200,0,200,0,0,0,494,247,247,0,0,0,0,"117,325",لم تستهلك   الكمية المصروفه سابقا من الديزل  لم تنفذ بنود وتم سحب كميات الاسمنت نظرا لتوقفها لفترة كبيرة وقد تم الرفع للسلطة المحلية مرارا بسحب الكميات,#REF!,0,0,0,0,0,#REF!,0,#REF!,#REF!,,الثانية
31,إب,الثانية,الرضمة,رصف طريق النقوب بيت المقبلي,5000,اعمال ترابية واعمال انشائية,"26,463,467.1","20,959,880.7","5,503,586.4",0,0,0,0,0,0,0,0,0,0,0,719,0,719,0,0,0,"1,975",0,"1,975",0,0,0,0,0,اغلاق المشروع كمتعثر حيث لم تشكل لجان ولم يبادرو بالاعمال,#REF!,0,0,0,0,0,#REF!,0,#REF!,#REF!,,الثانية
32,إب,الربع الثاني من العام 1446هـ,الرضمة,رصف طريق الجبوب الغيلي - مرحلة ثانية,3379,اعمال انشائية,"10,028,286.0","6,226,200.0","3,802,086.0",5,230,0,0,0,0,0,0,0,186,"12,834,000",840,450,390,0,0,0,0,0,0,0,0,0,0,"1,935,000",مبادرة منجزة ويجب اغلاقها,,,,,,,,,,,,مبادرات تم صرف لها كمبات اسمنت وليست ضمن الموقف ولا يوجد لها مصفوفات معمدة
33,إب,الثانية,الرضمة,رصف طريق اضمده,500,اعمال انشائية,"10,116,660.0","8,272,000.0","1,844,660.0",3,82,0,0,0,0,0,0,234,0,"2,826,038",280,280,0,0,0,0,0,0,0,0,0,0,0,"1,129,400",لم تنفذ كامل البنود مقارنه بمساهمه الوحده من الاسمنت تعتبرمبادرة متعثره ومن المقترح اغلاقها وسحب باقب الكميات,#REF!,0,0,0,0,0,#REF!,0,#REF!,#REF!,,الثانية
34,إب,الربع الاول من العام 1446هـ,الرضمة,رصف طريق  بيت القفاز,800,اعمال انشائية,"19,043,912.8","5,882,959.7","13,160,953.1",3,509,0,0,0,0,0,0,"1,000",0,"12,090,000",509,300,209,"1,497",0,"1,497","1,074",0,"1,074",0,0,0,0,"990,000",مبادرة منجزة ويطالبون الأهالي ببقية المساهمة لسداد المديونية,,,,,,,,,,,,الملحقة
35,إب,الأولى,الرضمة,تاهيل طريق الجبوب الغيلي,8000,اعمال انشائية,"40,581,794.0","32,479,800.0","8,101,994.0",4,634,0,0,0,0,0,0,155,264,"19,356,800","1,354","1,354",0,0,0,0,0,0,0,0,0,0,0,"5,666,460",تم انجاز الاعمال بصورة جيدة ولزم اغلاق المبادرة,#REF!,1,0,0,0,0,#REF!,0,#REF!,#REF!,,الأولى
36,إب,الربع الثاني من العام 1446هـ,الرضمة,إستكمال رصف طريق الخربة - التربة,501,اعمال انشائية,"52,499,100.0","43,976,307.7","8,522,792.3",5,324,0,0,0,0,0,0,"1,620",0,"19,585,800","1,232",685,547,0,0,0,"2,599",0,"2,599",0,0,0,0,"2,945,500",الاعمال متوقفة ويتم تكسير الأحجار مع العلم بانه تم صرف كمبريشن يدوي تابع للوحدة  عهدة للمبادرة لتكسير الأحجار للمرحلتين الأولى والثانية للمبادرة,,,,,,,,,,,,مبادرات تم صرف لها كمبات اسمنت وليست ضمن الموقف ولا يوجد لها مصفوفات معمدة
37,إب,الربع الاول من العام 1446هـ,الرضمة,مسح وتسوية طريق السرفي - المنزل - مدكم,6000,اعمال ترابية,"12,952,301.5","11,045,800.0","1,906,501.5",0,0,0,0,0,0,0,0,0,0,0,0,0,0,0,0,0,693,0,693,0,0,0,0,0,لم يبدأ، بانتظار مساهمة الوحدة من الديزل ويطالبون أيضا باعتماد كمية من الاسمنت لاعمال الجدران والرصف الحجري,,,,,,,,,,,,الملحقة
38,إب,الربع الاول من العام 1446هـ,الرضمة,رصف طريق قرية المنزل مدكم,,#N/A,"12,794,454.0","11,045,800.0","1,748,654.0",4,50,0,0,0,0,0,28,150,0,"2,872,875",307,100,207,0,0,0,0,0,0,,,,,"363,450",متوقف با نتظار ما تبقى من مساهمة الوحدة لاستكمال الاعمال,,,,,,,,,,,,
39,إب,الثانية,الرضمة,رصف طريق قرية الذرو,1500,اعمال ترابية واعمال انشائية,"10,212,289.2","8,052,196.5","2,160,092.8",4,270,0,0,0,0,0,0,810,0,"9,792,900",282,282,0,0,0,0,608,304,304,0,0,0,0,"1,241,100",مبادرة منجزة ويجب نزول فريق مشترك من إدارة الوحدة من الإدارات المعنية وفريق الوحدة بالمحافظة والسلطة المحلية والجهات المعنية لاغلاقها وتسليمها للجهات المعنية,#REF!,0,0,0,0,0,#REF!,0,#REF!,#REF!,,الثانية
40,إب,الثانية,الرضمة,رصف طريق الصلفاح - بيت الذيباني,4000,اعمال انشائية,"24,572,710.0","20,282,000.0","4,290,710.0",4,229,0,0,0,0,0,45,860,3,"12,219,924",685,300,385,0,0,0,0,0,0,0,0,0,0,"1,080,000",لم تستهلك كامل  الكمية المصروفه سابقا من الاسمنت تم عمل الاوامر التغييرية كالتالي إضافة بنود غير معتمده في الدراسه كبنود جديده  وهي                     خرسانة عادية تم صرف لهم 100 كيس بعد الزياره,#REF!,0,0,0,0,0,#REF!,0,#REF!,#REF!,,الثانية
41,إب,الثانية,الرضمة,رصف طريق التويرة,1000,اعمال انشائية,"11,773,518.0","9,585,600.0","2,187,918.0",3,162,0,0,0,0,0,0,567,0,"6,855,030",339,284,55,0,0,0,0,0,0,0,0,0,0,"1,250,200",لم تستهلك كامل  الكمية المصروفه سابقا من الاسمنت وتم سحب عدد 55 كيس من الاسمنت وتسليمها لمبادرة رصف الخرابة التربة  ومن المقترح اغلاقها,#REF!,0,0,0,0,0,#REF!,0,#REF!,#REF!,,الثانية
42,إب,الثانية,الرضمة,رصف طريق الاجلب,1000,اعمال انشائية,"13,511,643.0","10,935,600.0","2,576,043.0",5,64,0,0,0,0,0,0,295,0,"3,566,550",407,122,285,0,0,0,0,0,0,0,0,0,0,"745,500",لم تستهلك كامل  الكمية المصروفه سابقا من الاسمنت لذا تم سحب 81 كيس الى مبادرة استكمال رصف طريق الخرابة التربة,#REF!,0,0,0,0,0,#REF!,0,#REF!,#REF!,,الثانية
43,إب,الثانية,السبرة,مسح ورصف طريق اللحج (مرحلة اولى),2000,اعمال ترابية واعمال انشائية,"14,788,600.3","11,611,963.6","3,176,636.7",4,236,0,0,0,0,0,0,382,131,"13,229,504",399,399,0,0,0,0,"1,202",702,500,0,0,0,0,"1,670,100",مبادرة منجزة ويجب نزول فريق مشترك من إدارة الوحدة من الإدارات المعنية وفريق الوحدة بالمحافظة والسلطة المحلية والجهات المعنية لاغلاقها وتسليمها للجهات المعنية,,,,,,,,,,,,الثانية
44,إب,الثانية,السبرة,مسح ورصف طريق الجرفة التربة الى سوق الاحد,1500,اعمال انشائية,"10,554,204.0","8,626,800.0","1,927,404.0",4,500,0,0,500,0,0,0,188,48,"6,108,920",294,294,0,0,0,0,0,0,0,0,0,0,0,"1,073,100",تم انجاز الاعمال بحسب المنصرف الا انه تم تغيير جزء من الرصف الحجري الى خرسانة مسلحة,,,,,,,,,,,,الثانية
45,إب,الثانية,السبرة,مسح وتوسعة ورصف نقيل ابو زيد,7000,اعمال ترابية واعمال انشائية,"15,228,871.0","12,299,708.5","2,929,162.4",3,213,0,0,0,0,0,0,639,0,"7,725,510",360,360,0,0,0,0,"1,075",400,675,0,0,0,0,"1,520,000",تم استئناف العمل بعد توقفهم والعمل يجري بشكل جيد,,,,,,,,,,,,الثانية
46,إب,الثانية,السبرة,مسح وتوسعة ورصف طريق لمس (مرحلة اولى),5000,اعمال ترابية,"4,592,271.0","2,780,414.9","1,811,856.1",0,0,0,0,0,0,0,0,0,0,0,0,0,0,0,0,0,"3,056",0,"3,056",0,0,0,0,0,تم التواصل مع شخصيات اجتماعية في المنطقة وقد تم تشكيل لجنة مجتمعية وبانتظار مساهمة الوحدة للبدء بالعمل,,,,,,,,,,,,الثانية
47,إب,الثانية,السبرة,مسح وتوسعة ورصف طريق حبيل السوق (المرحلة الاولى),4200,اعمال ترابية واعمال انشائية,"17,141,944.2","13,223,146.0","3,918,798.2",0,0,0,0,0,0,0,0,0,0,0,420,0,420,0,0,0,"2,337",0,"2,337",0,0,0,0,0,لم يستلموا مساهمة الوحدة ولم يتم تشكيل لجنة مجتمعية وتم رفع مخاطبه بها للسلطة المحلية,,,,,,,,,,,,الثانية
48,إب,الثانية,السبرة,مسح وتوسعة طريق وادي الشرف اللغان العذمقي,2500,اعمال ترابية,"4,128,695.3","2,486,950.1","1,641,745.3",6,"1,950",0,"1,352","1,750",0,0,0,0,0,"3,188,272",0,0,0,0,0,0,"2,743",800,"1,943",0,0,0,0,"380,000",بانتظار صرف كميات من الديزل,,,,,,,,,,,,الثانية
49,إب,الثانية,السبرة,مسح وتوسعة طريق ذي القرض ذي البليس,2700,اعمال ترابية,"3,783,872.6","2,165,669.0","1,618,203.6",0,0,0,0,0,0,0,0,0,0,0,0,0,0,0,0,0,"2,716",0,"2,716",0,0,0,0,0,لم يتم صرف مساهمة الوحدة ولم يتم تشكيل لجنة مجتمعية وتم رفع مخاطبه بها للسلطة المحلية واثناء النزول برفقة السلطة المحلية والجمعية التعاونية سيتم البت بالموضوع اما بالتزام المجتمع ببدء المبادرة وسيتم حينها صرف مساهمة الاسمنت كدفع او عمل محضر استبدال بالمشر,,,,,,,,,,,,الثانية
50,إب,الثانية,السبرة,مسح وتوسعة طريق المجير مركز المديرية الى قرية الميادين,3800,اعمال ترابية,"2,341,407.8","1,366,613.4","974,794.4",0,0,0,0,0,0,0,0,0,0,0,0,0,0,0,0,0,"1,513",0,"1,513",0,0,0,0,0,لم يستلموا مساهمة الوحدة ولم يتم تشكيل لجنة مجتمعية وتم رفع مخاطبه بها للسلطة المحلية,,,,,,,,,,,,الثانية
51,إب,الثانية,السبرة,مسح وتوسعة طريق السلقع,900,اعمال ترابية,"2,390,690.5","1,401,097.7","989,592.7",0,0,0,0,0,0,0,0,0,0,0,0,0,0,0,0,0,"1,540",0,"1,540",0,0,0,0,0,تم التواصل مع شخصيات اجتماعية في المنطقة وقد تم تشكيل لجنة مجتمعية وبانتظار مساهمة الوحدة للبدء بالعمل,,,,,,,,,,,,الثانية
52,إب,الثانية,السبرة,مسح رصف طريق قرية اييب العليا,500,اعمال ترابية واعمال انشائية,"8,153,680.3","6,383,733.0","1,769,947.4",3,54,0,0,0,0,0,0,162,0,"1,958,580",224,100,124,0,0,0,525,0,525,0,0,0,0,"375,000",متوقف ولم يتم صرف الدفعة الثانية,,,,,,,,,,,,الثانية
53,إب,الثانية,السبرة,شق وتوسعة ورصف طريق ذي عسل ذي عينان سالفون (مرحلة اولى),65000,اعمال ترابية واعمال انشائية,"29,547,655.9","23,811,027.1","5,736,628.8",4,"1,266",27,"2,451",621,0,0,158,0,235,"26,000,706",700,700,0,"2,075",0,"2,075","2,452",500,"1,952",0,0,0,0,"2,822,500",مبادرة منجزة ويجب نزول فريق مشترك من إدارة الوحدة من الإدارات المعنية وفريق الوحدة بالمحافظة والسلطة المحلية والجهات المعنية لاغلاقها وتسليمها للجهات المعنية,,,,,,,,,,,,الثانية
54,إب,الثانية,السبرة,رصف قرية رباط الحجري,4000,اعمال انشائية,"10,547,303.0","8,681,350.0","1,865,953.0",0,0,0,0,0,0,0,0,0,0,0,282,0,282,828,0,828,0,0,0,0,0,0,0,0,لم يستلموا مساهمة الوحدة ولم يتم تشكيل لجنة مجتمعية وتم رفع مخاطبه بها للسلطة المحلية,,,,,,,,,,,,الثانية
55,إب,الثانية,السبرة,رصف طريق نقيل حبيل السوق التربة(المرحلة الاولى),2300,اعمال انشائية,"16,744,504.0","13,267,030.8","3,477,473.2",4,101,0,0,0,0,0,0,392,0,"4,739,280",469,200,269,0,0,0,990,0,990,0,0,0,0,"730,000",تم تنفيذ مقطع خرساني وسط النقيل وبسبب بعد المنطقة عن مركز المديرية تسبب ذلك برفع أجور نقل المواد وهذا شكل عبئ على المجتمع ومن المقترح رفع نسبة مساهمة الوحدة باعتماد تكاليف نقل مواد الأحجار والرمل وما شابه,,,,,,,,,,,,الثانية
56,إب,الثانية,السبرة,رصف طريق نقيل الصيحار,400,اعمال انشائية,"13,587,451.0","11,142,950.0","2,444,501.0",4,48,0,0,0,0,0,38,192,0,"3,746,280",380,170,210,0,0,0,0,0,0,0,0,0,0,"637,500",العمل متوقف بسبب عدم قدرة الأهالي على الاستكمال وبحاجة الى أجور عمالة ماهرة,,,,,,,,,,,,الثانية
57,إب,الثانية,السبرة,رصف طريق نقيل الخضراء (مرحلة اولى),300,اعمال انشائية,"14,020,772.0","11,502,400.0","2,518,372.0",0,0,0,0,0,0,0,0,0,0,0,392,0,392,0,0,0,0,0,0,0,0,0,0,0,تم سحب كمية الاسمنت المنصرفة بسبب عدم قدرة الأهالي على التنفيذ الى مبادرة رصف طريق الحبيل - نجد الجماعي، وذلك  حفاظا على تلف الاسمنت وخلال النزول سيتم البت بالموضوع اما بإعادة دعمهم في حال التزامهم وبضمان السلطة المحلية والجمعية التعاونية بتنفيذ الاعمال او استبدالها بمشروع اخر فعال,,,,,,,,,,,,الثانية
58,إب,الثانية,السبرة,رصف طريق قرية قصال (مرحلة اولى),600,اعمال انشائية,"16,001,668.0","12,672,984.6","3,328,683.4",3,125,0,0,0,0,0,0,375,0,"4,533,750",448,200,248,0,0,0,945,400,545,0,0,0,0,"940,000",تم صرف كمبريشن يدوي لتكسير الأحجاروتم رصف  375 متر مرع وتم توقف تاعمل لعدم قدرتهم على الاستكمال حاليا، بحاجة الى تحفيز وتفعيل المجتمع,,,,,,,,,,,,الثانية
59,إب,الثانية,السبرة,رصف طريق قرية ذي شذار,120,اعمال انشائية,"3,621,068.0","2,875,600.0","745,468.0",0,0,0,0,0,0,0,0,0,0,0,98,0,98,0,0,0,0,0,0,0,0,0,0,0,لم يستلموا مساهمة الوحدة ولم يتم تشكيل لجنة مجتمعية وتم رفع مخاطبه بها للسلطة المحلية,,,,,,,,,,,,الثانية
60,إب,الثانية,السبرة,رصف طريق قرية اييب السفلى,300,اعمال انشائية,"6,888,949.0","5,006,876.9","1,882,072.1",0,0,0,0,0,0,0,0,0,0,0,267,0,267,0,0,0,398,0,398,0,0,0,0,0,لم يستلموا مساهمة الوحدة ولم يتم تشكيل لجنة مجتمعية وتم رفع مخاطبه بها للسلطة المحلية,,,,,,,,,,,,الثانية
61,إب,الثانية,السبرة,رصف طريق عقاب جري,8000,اعمال انشائية,"9,068,532.0","7,128,553.8","1,939,978.2",5,53,0,0,0,0,0,0,239,0,"2,883,465",252,100,152,0,0,0,532,266,266,0,0,0,0,"491,350",متوقف بسبب عجم قدرة الأهالي على الاستكمال على الرغم من منحهم كمبريشن يدوي من قبل الوحدة كعهدة استمرت لمدة شهر ونصف,,,,,,,,,,,,الثانية
62,إب,الثانية,السبرة,رصف طريق عقاب الصباري,8000,اعمال انشائية,"10,306,592.0","8,118,630.8","2,187,961.2",4,60,0,0,0,0,0,0,240,0,"2,901,600",287,120,167,0,0,0,606,350,256,0,0,0,0,"616,250",متوقف حاليا بسبب وضع الأهالي المادي حيث المبادرة بحاجة الى عمالة ماهرة لاعادة تنشيطها,,,,,,,,,,,,الثانية
63,إب,الثانية,السبرة,رصف طريق طلعة قرية الاصمين,400,اعمال انشائية,"5,787,673.0","4,504,850.0","1,282,823.0",0,0,0,0,0,0,0,0,0,0,0,159,0,159,0,0,0,336,0,336,0,0,0,0,0,تم زيارة المبادرة وسيتم تشكيل  لجنة مجتمعية ليتم الصرف لها,,,,,,,,,,,,الثانية
64,إب,الثانية,السبرة,رصف طريق زبيد خيران,0,اعمال انشائية,"21,820,550.0","17,326,346.2","4,494,203.8",0,0,0,0,0,0,0,0,0,0,0,613,0,613,0,0,0,"1,292",0,"1,292",0,0,0,0,0,لم يستلموا مساهمة الوحدة ولم يتم تشكيل لجنة مجتمعية وتم رفع مخاطبه بها للسلطة المحلية,,,,,,,,,,,,الثانية
65,إب,الثانية,السبرة,رصف طريق حارة المدورة,400,اعمال انشائية,"1,887,784.0","1,437,800.0","449,984.0",0,0,0,0,0,0,0,0,0,0,0,49,0,49,0,0,0,0,0,0,0,0,0,0,0,لم يستلموا مساهمة الوحدة ولم يتم تشكيل لجنة مجتمعية وتم رفع مخاطبه بها للسلطة المحلية,,,,,,,,,,,,الثانية
66,إب,الثانية,السبرة,رصف طريق الصيحار السياغ (مرحلة اولى),700,اعمال انشائية,"15,258,832.0","12,529,400.0","2,729,432.0",0,0,0,0,0,0,0,0,0,0,0,427,0,427,0,0,0,0,0,0,0,0,0,0,0,لم يستلموا مساهمة الوحدة ولم يتم تشكيل لجنة مجتمعية وتم رفع مخاطبه بها للسلطة المحلية,,,,,,,,,,,,الثانية
67,إب,الثانية,السبرة,رصف طريق السواده نجد الجماعي,150,اعمال انشائية,"2,891,004.0","2,256,800.0","634,204.0",4,56,0,0,0,0,0,0,224,0,"2,708,160",80,80,0,0,0,0,0,0,0,0,0,0,0,"300,000",تم انجاز الاعمال بشكل جيد,,,,,,,,,,,,الثانية
68,إب,الربع الثاني من العام 1446هـ,السبرة,رصف طريق الدجادج,,#N/A,"8,037,755.4","5,183,646.0","2,854,109.4",0,0,0,0,0,0,0,0,0,0,0,650,0,650,0,0,0,0,0,0,,,,,0,بانتظار مساهمة الوحدة وسيتم الصرف لها من الدفعة القادمة,,,,,,,,,,,,
69,إب,الثانية,السبرة,رصف طريق الخرابة حجر,1800,اعمال انشائية,"9,080,912.6","7,138,454.6","1,942,458.0",0,0,0,0,0,0,0,0,0,0,0,252,0,252,0,0,0,532,0,532,0,0,0,0,0,لم يستلموا مساهمة الوحدة ولم يتم تشكيل لجنة مجتمعية وتم رفع مخاطبه بها للسلطة المحلية,,,,,,,,,,,,الثانية
70,إب,الثانية,السبرة,رصف طريق الحمرة (مرحلة اولى),1500,اعمال انشائية,"12,844,615.0","10,526,750.0","2,317,865.0",4,128,0,0,0,0,0,0,188,324,"19,056,120",359,359,0,0,0,0,0,0,0,0,0,0,0,"1,325,350",المبادرة منجزة ويطالبون بمرحلة ثانية,,,,,,,,,,,,الثانية
71,إب,الثانية,السبرة,رصف طريق الحجوف,300,اعمال انشائية,"3,125,844.0","2,376,184.6","749,659.4",0,0,0,0,0,0,0,0,0,0,0,84,0,84,0,0,0,177,0,177,0,0,0,0,0,لم يستلموا مساهمة الوحدة ولم يتم تشكيل لجنة مجتمعية وتم رفع مخاطبه بها للسلطة المحلية,,,,,,,,,,,,الثانية
72,إب,الثانية,السبرة,رصف خرساني طريق قرية منعم (مرحلة اولى),6000,اعمال انشائية,"18,203,174.6","8,532,360.0","9,670,814.6",4,236,0,0,0,0,0,0,181,322,"23,524,032","1,798","1,798",0,0,0,0,0,0,0,0,0,0,0,"6,652,700",منجزة وسيتم ضمها ضمن المبادرات المنجزة المغلقة,,,,,,,,,,,,الثانية
73,إب,الثانية,السبرة,رصف بعض المقاطع سوق عينان المواسع الخربة,650,اعمال انشائية,"7,520,957.0","6,110,650.0","1,410,307.0",0,0,0,0,0,0,0,0,0,0,0,208,0,208,0,0,0,0,0,0,0,0,0,0,0,لم يستلموا مساهمة الوحدة ولم يتم تشكيل لجنة مجتمعية وتم رفع مخاطبه بها للسلطة المحلية,,,,,,,,,,,,الثانية
74,إب,الربع الثاني من العام 1446هـ,السبرة,رصف  طريق ذي عليه - الفقيه ناجي - دار همدان -حسل - حلاكه - المحاط,0,اعمال انشائية,"66,470,510.3","44,585,716.0","21,884,794.3",0,0,0,0,0,0,0,0,0,0,0,"5,210",0,"5,210",0,0,0,0,0,0,0,0,0,0,0,بانتظار صرف كميات من الاسمنت والديزل حيث قد باشر المجتمع بالعمل منذ شهرين تقريبا,,,,,,,,,,,,موجودات ضمن تقرير الموقف ولا يوجد مصفوفات معمدة
75,إب,الثانية,السبرة,جسر غيل المهلات ورصف خرساني قبل وبعد الجسر (مرحلة اولى),65000,اعمال ترابية واعمال انشائية,"46,217,442.9","30,344,178.8","15,873,264.1",0,0,0,0,0,0,0,0,0,0,0,"2,668",0,"2,668",0,0,0,"2,078",0,"2,078",0,0,0,0,0,تم انجاز المشروع قبل صرف مساهمة الوحدة وبحاجة الى مرحلة ثانية لتنفيذ اجنحة للجسر,,,,,,,,,,,,الثانية
76,إب,الثانية,السبرة,توسعة ورصف طريق قرية جماعر الابروة,500,اعمال ترابية واعمال انشائية,"6,535,129.8","5,039,655.5","1,495,474.4",0,0,0,0,0,0,0,0,0,0,0,191,0,191,0,0,0,405,0,405,0,0,0,0,0,لم يستلموا مساهمة الوحدة ولم يتم تشكيل لجنة مجتمعية وتم رفع مخاطبه بها للسلطة المحلية,,,,,,,,,,,,الثانية
77,إب,الثانية,السبرة,توسعة رصف طريق نقيل الكلبة,1200,اعمال ترابية واعمال انشائية,"19,144,487.0","14,554,304.3","4,590,182.7",0,0,0,0,0,0,0,0,0,0,0,557,0,557,0,0,0,"2,193",0,"2,193",0,0,0,0,0,لم يستلموا مساهمة الوحدة ولم يتم تشكيل لجنة مجتمعية وتم رفع مخاطبه بها للسلطة المحلية,,,,,,,,,,,,الثانية
78,إب,الثانية,السبرة,تسوية ورصف طريق قرية الاكيمة (المرحلة الاولى),900,اعمال انشائية,"24,915,700.0","20,540,000.0","4,375,700.0",0,0,0,0,0,0,0,0,0,0,0,700,0,700,0,0,0,0,0,0,0,0,0,0,0,لم يستلموا مساهمة الوحدة ولم يتم تشكيل لجنة مجتمعية وتم رفع مخاطبه بها للسلطة المحلية,,,,,,,,,,,,الثانية
79,إب,الثانية,السبرة,استكمال رصف طريق قرية منزل الطاحون (مرحلة اولى),1800,اعمال انشائية,"20,242,949.0","16,780,348.6","3,462,600.5",4,680,0,0,0,0,0,0,"2,622",0,"30,556,792",545,645,-100,"1,600",0,"1,600",0,0,0,0,0,0,0,"2,387,250",المبادرة منجزة للمرحلة الاولى والعمل مستمر ويطالبون بمزيد من الدعم وهناك اعمال تم تنفيذها بشكل مبالغ به مثل قفلات الرصف بعمق متر وقد تم استهلاك كمية كبيرة من الاسمنت فيها ويطالبون حاليا مزيد من الدعم لمواصلة العمل بمقاطع جديدة خارج الدراسة ويطالبون بالبنزين المعتمد لهم وتم تحويل كمية 100 كيس للمبادرة من مبادرة رصف طريق نقيل الخضراء المتعثرة.,,,,,,,,,,,,الثانية
80,إب,الثانية,السبرة,استكمال رصف طريق قرية سبرة,800,اعمال انشائية,"13,154,130.0","10,395,807.7","2,758,322.3",4,63,0,0,0,0,0,0,252,25,"4,771,680",368,368,-1,0,0,0,775,400,375,0,0,0,0,"1,548,200",العمل متوقف وقد تم الرفع للسلطة المحلية بمخاطبات وتم الإبلاغ شفويا بسحب الكميات المتبقية,,,,,,,,,,,,الثانية
81,إب,الثانية,السبرة,استكمال رصف طريق عشب,900,اعمال انشائية,"5,257,774.1","4,031,719.2","1,226,054.8",0,0,0,0,0,0,0,0,0,0,0,154,0,154,0,0,0,304,0,304,0,0,0,0,0,لم يستلموا مساهمة الوحدة ولم يتم تشكيل لجنة مجتمعية وتم رفع مخاطبه بها للسلطة المحلية,,,,,,,,,,,,الثانية
82,إب,الثانية,السبرة,استكمال رصف طريق حبيل مخلا,600,اعمال انشائية,"12,807,473.2","10,495,940.0","2,311,533.2",5,40,0,0,0,0,0,0,180,0,"2,176,200",358,200,158,0,0,0,0,0,0,0,0,0,0,"740,000",العمل متوقف بسبب عدم قدرة الأهالي على الاستكمال وبحاجة الى أجور عمالة ماهرة,,,,,,,,,,,,الثانية
83,إب,الثانية,السبرة,استكمال رصف طريق الكرب مطاية (مرحلة اولى),5000,اعمال انشائية,"17,510,811.1","13,522,422.1","3,988,389.0",0,0,0,0,0,0,0,0,0,0,0,558,0,558,0,0,0,"1,079",0,"1,079",0,0,0,0,0,لم يستلموا مساهمة الوحدة ولم يتم تشكيل لجنة مجتمعية وتم رفع مخاطبه بها للسلطة المحلية,,,,,,,,,,,,الثانية
84,إب,الثانية,السبرة,استكمال رصف طريق القرضي,400,اعمال انشائية,"13,256,110.3","10,144,485.0","3,111,625.3",0,0,0,0,0,0,0,0,0,0,0,437,0,437,0,0,0,777,0,777,0,0,0,0,"60,000",تم سحب كمية الاسمنت المنصرفة بسبب عدم قدرة الأهالي على التنفيذ الى مبادرة رصف طريق الحبيل - نجد الجماعي، وذلك  حفاظا على تلف الاسمنت وخلال النزول سيتم البت بالموضوع اما بإعادة دعمهم في حال التزامهم وبضمان السلطة المحلية والجمعية التعاونية بتنفيذ الاعمال ا,,,,,,,,,,,,الثانية
85,إب,الثانية,السبرة,استكمال رصف طريق الاصمين بلاد الشعيبي العليا,700,اعمال انشائية,"7,737,617.5","6,064,221.2","1,673,396.3",4,64,0,0,0,0,0,0,256,0,"3,095,040",214,214,0,0,0,0,452,250,202,0,0,0,0,"909,850",العمل متوقف نتيجة لوضع الأهالي الصعب ويطالبون برفع مساهمة الوحدة باجور نقل للاحجار وأيضا كميات من الرمل,,,,,,,,,,,,الثانية
86,إب,الثانية,السبرة,استكمال رصف خرساني طريق مطاية,5000,اعمال انشائية,"15,150,578.2","7,915,299.2","7,235,279.0",4,277,0,0,0,0,0,6,139,222,"16,519,760","1,329","1,329",0,0,0,0,0,0,0,0,0,0,0,"4,910,895",منجزة وسيتم ضمها ضمن المبادرات المنجزة المغلقة,P,,الثانية,#REF!,,,0,,,,,
87,إب,الربع الثاني من العام 1446هـ,السبرة,رصف الطريق الرابط بين جدابة وسالفون والشراحي,4300,اعمال انشائية,"16,220,532.0","13,877,769.5","2,342,762.5",0,0,0,0,0,0,0,0,0,0,0,566,0,566,0,0,0,288,0,288,,,,,0,بانتظار مساهمة الوحدة وسيتم الصرف لها من الدفعة القادمة,,,,,,,,,,,,
88,إب,الربع الثاني من العام 1446هـ,السبرة,رصف طريق الحبيل - نجد الجماعي,4300,اعمال انشائية,-,-,-,4,145,0,0,0,0,0,0,580,0,"7,012,200",270,270,0,0,0,0,0,0,0,,,,,"931,500",تم تحويل كمية 270 كيس للمبادرة 200 من مبادرة رصف طريق القرضي المتعثرة  وقد كان شبه تالف نظرا لتأخر العمل بمبادرة القرضي و70 كيس من مبادرة رصف نقيل الخضراء المتعثرة بطلب من السلطة المحلية والجمعية التعاونية,,,,,,,,,,,,
89,إب,الربع الثاني من العام 1446هـ,السبرة,رصف خرساني طريق قرية منعم (مرحلة ثانية),4300,اعمال انشائية,"22,626,901.2","13,127,283.2","9,499,618.0",0,0,0,0,0,0,0,0,0,0,0,"1,849",0,"1,849",0,0,0,0,0,0,,,,,0,بانتظار مساهمة الوحدة وسيتم الصرف لها من الدفعة القادمة,,,,,,,,,,,,
90,إب,الربع الاول من العام 1446هـ,السدة,إعادة تاهيل للشارع الرئيسي امام البنك اليمني للانشاء والتعمير بمركز المديرية,0,اعمال انشائية,"17,177,069.0","9,366,982.0","7,810,087.0",8,140,0,0,0,0,0,0,0,224,"15,456,000","1,519","1,400",119,0,0,0,0,0,0,0,0,0,0,"4,668,300",تم تنفيذ الاعمال جيدا بما يتناسب مع المنصرف من الاسمنت وتغلق بوضعها الراهن,,,,,,,,,,,,موجودات ضمن تقرير الموقف ولا يوجد مصفوفات معمدة
91,إب,الربع الثاني من العام 1446هـ,السدة,مشروع رصف طريق خوال جبل التويتي -السده,3535,اعمال انشائية,"107,711,421.9","73,584,196.0","34,127,225.9",3,"2,339",0,0,0,0,0,0,547,864,"64,302,730","7,710","5,600","2,110",0,0,0,0,0,0,0,0,0,0,"10,216,000",تنفذ الاعمال جيدا,,,,,,,,,,,,مبادرات تم صرف لها كمبات اسمنت وليست ضمن الموقف ولا يوجد لها مصفوفات معمدة
92,إب,الربع الاول من العام 1446هـ,السدة,مشروع توسعة ورصف طريق بيت الرميصة الضيعة,1751,اعمال ترابية واعمال انشائية,"56,319,486.3","46,223,689.8","10,095,796.5",4,366,0,0,0,0,0,0,"1,290",0,"15,466,025","1,614",300,"1,314",0,0,0,"3,700",0,"3,700",0,0,0,0,"1,079,450",لم تبدا الاعمال الاسمنتيه,,,,,,,,,,,,الملحقة
93,إب,الثانية,السدة,مسح وتسوية وتوسعة ورصف طريق بيت الشامي وبيت عبدالكريم وبيت صالح مثنى-الاعماس - السدة,2600,اعمال ترابية واعمال انشائية,"9,142,613.1","6,827,669.6","2,314,943.5",4,444,0,"1,110",0,0,0,0,0,54,"5,031,000",244,244,0,0,0,0,"1,353","1,353",0,0,0,0,0,"962,800",تم انجاز الاعمال بشكل جيد,,,,,,,,,,,,الثانية
94,إب,الثانية,السدة,طريق قرية ذي الحبشي,800,اعمال انشائية,"5,758,215.0","4,653,000.0","1,105,215.0",4,62,0,0,0,0,0,0,0,44,"2,722,920",158,158,0,0,0,0,0,0,0,0,0,0,0,"632,660",تم تنفيذ الاعمال جيدا بما يتناسب مع المنصرف من الاسمنت وتغلق بوضعها الراهن,,,,,,,,,,,,الثانية
95,إب,الثانية,السدة,رصف وبناء جدار ساند قرية رباط العصبات,1000,اعمال انشائية,"5,128,370.0","3,854,000.0","1,274,370.0",4,72,0,0,0,0,0,98,288,0,"7,156,920",195,195,0,0,0,0,0,0,0,0,0,0,0,"793,150",تم انجاز الاعمال ويجب اغلاقها,,,,,,,,,,,,الثانية
96,إب,الثانية,السدة,رصف طريق نقيل حباره -بني العثماني,1500,اعمال ترابية واعمال انشائية,"7,777,309.9","6,068,363.2","1,708,946.7",4,920,0,0,920,0,0,0,72,54,"4,765,760",208,208,-1,0,0,0,590,590,0,0,0,0,0,"831,600",تم تنفيذ الاعمال جيدا بما يتناسب مع المنصرف من الاسمنت وتغلق بوضعها الراهن,,,,,,,,,,,,الثانية
97,إب,الثانية,السدة,رصف طريق نقيل تمار -عزلة بني الحارث,600,اعمال انشائية,"5,864,511.0","4,546,200.0","1,318,311.0",4,126,0,0,0,0,0,0,316,24,"5,063,640",200,200,-1,0,0,0,0,0,0,0,0,0,0,"814,000",تم تنفيذ الاعمال جيدا بما يتناسب مع المنصرف من الاسمنت وتغلق بوضعها الراهن,,,,,,,,,,,,الثانية
98,إب,الربع الاول من العام 1446هـ,السدة,رصف طريق محي الدين  منزل غراب,1000,اعمال انشائية,"11,783,416.3","7,545,029.2","4,238,387.1",4,197,0,0,0,0,0,20,472,51,"9,398,600",725,325,400,0,0,0,361,0,361,0,0,0,0,"1,181,410",تم تنفيذ بنود ولم تصرف لهم اي كميات من الديزل تم تنفيذ الاعمال جيدا بما يتناسب مع المنصرف من الاسمنت حيث تم صرف لهم كميه اسمنته مؤخرا بعد الزياره ويتم تنفيذ الاعمال,,,,,,,,,,,,الملحقة
99,إب,الربع الثاني من العام 1446هـ,السدة,رصف طريق قرية ذي محانظ,420,اعمال انشائية,"18,534,592.5","15,898,050.0","2,636,542.5",4,275,0,0,0,0,0,0,990,0,"11,969,100",433,300,133,0,0,0,0,0,0,0,0,0,0,"1,084,900",تنفذ الاعمال جيدا,,,,,,,,,,,,مبادرات تم صرف لها كمبات اسمنت وليست ضمن الموقف ولا يوجد لها مصفوفات معمدة
100,إب,الثانية,السدة,رصف طريق قرية الصربي,1000,اعمال ترابية واعمال انشائية,"14,822,641.2","11,705,452.3","3,117,189.0",6,195,0,0,720,0,0,64,818,9,"12,827,300",406,406,0,0,0,0,"1,011","1,011",0,0,0,0,0,"2,091,845",تم انجاز الاعمال بشكل جيد,,,,,,,,,,,,الثانية
101,إب,الثانية,السدة,رصف طريق صلي والمرساب -عزلة بني الحارث,1000,اعمال انشائية,"5,260,107.0","4,239,400.0","1,020,707.0",3,137,0,0,0,0,0,0,298,12,"4,223,211",144,144,-1,0,0,0,0,0,0,0,0,0,0,"586,880",تم تنفيذ الاعمال جيدا بما يتناسب مع المنصرف من الاسمنت وتغلق بوضعها الراهن,,,,,,,,,,,,الثانية
102,إب,الربع الاول من العام 1446هـ,السدة,رصف طريق شيعان,1500,اعمال انشائية,"9,918,771.3","7,436,608.7","2,482,162.6",1,55,0,0,0,0,0,77,0,0,"2,887,500",390,100,290,0,0,0,729,0,729,0,0,0,0,"430,000",لم تبدا الاعمال الاسمنتيه,,,,,,,,,,,,الملحقة
103,إب,الثانية,السدة,رصف طريق سخران,500,اعمال انشائية,"5,011,053.0","4,032,600.0","978,453.0",4,89,0,0,0,0,0,6,364,0,"4,625,760",137,150,-14,0,0,0,0,0,0,0,0,0,0,"545,175",تم انجاز الاعمال بحسب افادة اللجنة من خلال التواصل وقد تم الرفع بها ضمن خطة النزول للتأكد من حالة المشروع,,,,,,,,,,,,الثانية
104,إب,الربع الاول من العام 1446هـ,السدة,رصف طريق سخدان الحوقري,3676,اعمال انشائية,"21,402,473.0","15,603,146.2","5,799,326.8",0,0,0,0,0,0,0,0,0,0,0,"1,086",0,"1,086",0,0,0,712,0,712,0,0,0,0,0,لم يتم تشكيل لجنة مجتمعية خلال النزول لصرف مساهمة الوحدة الدفعة الأولى ولم يتم موافاتنا من السلطة المحلية بوضع هذه المبادرات ونقترح النزول الميادني الى مواقع المبادرات لمعرفة فاعلية المجتمع والبت بمثل هكذا مبادرات,,,,,,,,,,,,الملحقة
105,إب,الربع الاول من العام 1446هـ,السدة,رصف طريق ذي يهبور,500,اعمال انشائية,"14,556,475.0","11,528,461.5","3,028,013.5",5,169,0,0,0,0,0,50,730,21,"12,036,180",403,370,33,0,0,0,883,350,533,0,0,0,0,"1,159,575",تم تنفيذ الاعمال بصورة جيدة وقد تم تحويل اليها 150 كيس من مبادرة رباط العصبات ويطالبون بمرحلة ثانية لمواصلة العمل بمسار الطريق,,,,,,,,,,,,الملحقة
106,إب,الثانية,السدة,رصف طريق ذي الجرف - عزلة جبل الحبالي,1500,اعمال انشائية,"5,954,831.7","4,769,640.0","1,185,191.7",4,58,0,0,0,0,0,13,204,19,"4,221,180",172,172,0,0,0,0,0,0,0,0,0,0,0,"682,440",تم تنفيذ الاعمال جيدا بما يتناسب مع المنصرف من الاسمنت وتغلق بوضعها الراهن,,,,,,,,,,,,الثانية
107,إب,الربع الاول من العام 1446هـ,السدة,رصف طريق دارمان مرحلة اولى,3300,اعمال ترابية واعمال انشائية,"51,556,226.4","33,537,996.4","18,018,230.0",1,990,0,0,0,0,0,326,"1,100",7,"21,943,020","3,671",533,"3,138",0,0,0,"1,167","2,000",-833,0,0,0,0,"2,124,140",العمل يجري بصورة جيدة في تنفيذ الربارب حيث وقد تم تنفيذ اعمال اسفلت على نفقة الأهالي سابقا,,,,,,,,,,,,الملحقة
108,إب,الربع الاول من العام 1446هـ,السدة,رصف طريق حفزان,0,اعمال انشائية,"52,046,456.2","47,013,540.0","5,032,916.2",4,260,0,0,0,0,0,0,128,107,"6,500,220","1,700","1,200",500,0,0,0,0,0,0,0,0,0,0,"4,241,400",لم تستهلك كامل  الكمية المنصرفه سابقا من الاسمنت وهي متعثرة لاسباب غير معروفة  لعدم تجاوب اللجنة وقد تم مخاطبة السلطة المحلية بذلك وقد تم سحب 500 كيس لمبادرتي الشارع العام وجسر فاطمة الزهراء,,,,,,,,,,,,موجودات ضمن تقرير الموقف ولا يوجد مصفوفات معمدة
109,إب,الثانية,السدة,رصف طريق حجوان - الدلاني العليا والسفلى,500,اعمال انشائية,"6,505,377.0","5,273,400.0","1,231,977.0",0,0,0,0,0,0,0,0,0,0,0,179,0,179,0,0,0,0,0,0,0,0,0,0,0,لم يتم تشكيل لجنة مجتمعية خلال النزول لصرف مساهمة الوحدة الدفعة الأولى ولم يتم موافاتنا من السلطة المحلية بوضع هذه المبادرات ونقترح النزول الميادني الى مواقع المبادرات لمعرفة فاعلية المجتمع والبت بمثل هكذا مبادرات,,,,,,,,,,,,الثانية
110,إب,الربع الاول من العام 1446هـ,السدة,رصف طريق جردد كحلة مريم - ذي الدرم الرداعي الدمة,1500,اعمال ترابية واعمال انشائية,"16,735,697.5","13,448,346.2","3,287,351.3",3,370,0,0,0,0,0,0,0,80,"4,144,000",464,239,225,0,0,0,"1,065",0,"1,065",0,0,0,0,"961,530",تم تنفيذ الاعمال بحسب المنصرف ويطالبون بكمية لاستكمال الاعمال,,,,,,,,,,,,الملحقة
111,إب,الثانية,السدة,رصف طريق ثعلان -عزلة بني الحارث,500,اعمال انشائية,"7,340,604.0","5,576,800.0","1,763,804.0",3,164,0,0,0,0,0,0,0,48,"2,463,608",280,280,0,0,0,0,0,0,0,0,0,0,0,"1,139,600","الاعمال المنفذة جيدة جداً
من أفضل المشاريع في المديرية من حيث الجودة والانجاز",,,,,,,,,,,,الثانية
112,إب,الثانية,السدة,رصف طريق بيت الغزيل - عزلة جبل الحبالي,1000,اعمال انشائية,"13,852,470.0","11,374,000.0","2,478,470.0",0,0,0,0,0,0,0,0,0,0,0,385,0,385,0,0,0,0,0,0,0,0,0,0,0,لم يتم تشكيل لجنة مجتمعية خلال النزول لصرف مساهمة الوحدة الدفعة الأولى ولم يتم موافاتنا من السلطة المحلية بوضع هذه المبادرات ونقترح النزول الميادني الى مواقع المبادرات لمعرفة فاعلية المجتمع والبت بمثل هكذا مبادرات,,,,,,,,,,,,الثانية
113,إب,الربع الاول من العام 1446هـ,السدة,رصف طريق المنازل - جبل التويتي,5000,اعمال انشائية,"33,997,374.8","29,012,875.4","4,984,499.4",5,628,0,0,0,0,0,63,580,227,"24,654,960","1,597","1,525",72,0,0,0,"1,499",499,"1,000",0,0,0,0,"5,632,025",تم انجاز الاعمال ويطالبون بكمية من الاسمنت تم استلافها من احد التجار,,,,,,,,,,,,الملحقة
114,إب,الربع الاول من العام 1446هـ,السدة,رصف طريق المان,600,اعمال انشائية,"20,877,441.9","16,896,095.5","3,981,346.5",0,0,0,0,0,0,0,0,0,0,0,596,0,596,0,0,0,"1,321",0,"1,321",0,0,0,0,0,بانتظار صرف كميات من الاسمنت,,,,,,,,,,,,الملحقة
115,إب,الثانية,السدة,رصف طريق الفجرة - حجوان - عزلة بني الحارث,500,اعمال ترابية واعمال انشائية,"9,626,318.6","7,837,671.2","1,788,647.4",5,826,0,0,700,0,0,48,644,17,"10,888,165",263,263,-1,0,0,0,92,0,92,0,0,0,0,"1,069,510",تم تنفيذ الاعمال جيدا بما يتناسب مع المنصرف من الاسمنت وتغلق بوضعها الراهن,,,,,,,,,,,,الثانية
116,إب,الثانية,السدة,رصف طريق الخربة - عزلة وادي الحبالي,1000,اعمال انشائية,"12,607,200.0","10,340,000.0","2,267,200.0",3,122,0,0,0,0,0,102,365,3,"8,361,305",350,175,175,0,0,0,0,0,0,0,0,0,0,"711,750",مبادرة منجزة ويجب نزول فريق مشترك من إدارة الوحدة من الإدارات المعنية وفريق الوحدة بالمحافظة والسلطة المحلية والجهات المعنية لاغلاقها وتسليمها للجهات المعنية,,,,,,,,,,,,الثانية
117,إب,الثانية,السدة,رصف  طريق عميقة -عزلة وادي حجاج,500,اعمال انشائية,"23,822,252.0","19,553,400.0","4,268,852.0",5,262,0,0,0,0,0,0,"1,299",0,"15,137,310",685,685,0,0,0,0,0,0,0,0,0,0,0,"2,717,450",تم انجاز الاعمال بالمبادرة ويجب اغلاقها وتسليمها للجهات المعنية,,,,,,,,,,,,الثانية
118,إب,الثانية,السدة,رصف  طريق الجرجرة - عزلة وادي التويتي,1200,اعمال انشائية,"9,501,441.0","7,647,200.0","1,854,241.0",4,196,0,0,0,0,0,5,784,0,"9,666,060",286,286,-1,0,0,0,0,0,0,0,0,0,0,"1,148,220",تم تنفيذ الاعمال جيدا بما يتناسب مع المنصرف من الاسمنت وتغلق بوضعها الراهن,,,,,,,,,,,,الثانية
119,إب,الربع الثاني من العام 1446هـ,السدة,توسعة ورصف طريق قرية يداخ,416,اعمال ترابية واعمال انشائية,"9,868,537.7","6,196,204.6","3,672,333.1",3,150,0,876,0,0,0,0,0,84,"6,839,256",653,400,253,0,0,0,596,596,0,0,0,0,0,"1,442,900",تنفذ الاعمال جيدا,,,,,,,,,,,,مبادرات تم صرف لها كمبات اسمنت وليست ضمن الموقف ولا يوجد لها مصفوفات معمدة
120,إب,الربع الأول من العام 1446هـ,السدة,توسعة ورصف طريق رباط جوهر,626,اعمال ترابية واعمال انشائية,"58,836,322.1","47,613,850.5","11,222,471.6",4,291,0,"1,191",0,0,0,49,"1,100",0,"17,679,156","2,138",350,"1,788",0,0,0,"2,182","2,182",0,0,0,0,0,"1,261,175",تنفذ الاعمال جيدا,,,,,,,,,,,,مبادرات تم صرف لها كمبات اسمنت وليست ضمن الموقف ولا يوجد لها مصفوفات معمدة
121,إب,الربع الثاني من العام 1446هـ,السدة,توسعة ورصف طريق المذابب,879,اعمال انشائية,"9,899,608.1","6,197,870.0","3,701,738.1",4,45,0,0,0,0,0,0,0,23,"1,609,080",725,100,625,0,0,0,0,0,0,,,,0,"430,000",تنفذ الاعمال جيدا,,,,,,,,,,,,مبادرات تم صرف لها كمبات اسمنت وليست ضمن الموقف ولا يوجد لها مصفوفات معمدة
122,إب,الثانية,السدة,استكمال رصف وجدارن ساندة طريق ثعلان التويتي,700,اعمال انشائية,"5,948,250.0","4,500,000.0","1,448,250.0",0,0,0,0,0,0,0,0,0,0,0,225,0,225,0,0,0,0,0,0,0,0,0,0,0,لم يتم تشكيل لجنة مجتمعية خلال النزول لصرف مساهمة الوحدة الدفعة الأولى ولم يتم موافاتنا من السلطة المحلية بوضع هذه المبادرات ونقترح النزول الميادني الى مواقع المبادرات لمعرفة فاعلية المجتمع والبت بمثل هكذا مبادرات,,,,,,,,,,,,الثانية
123,إب,الربع الثاني من العام 1446هـ,السدة,استكمال رصف طريق نقيل حباره بني العثماني,626,اعمال انشائية,"40,829,069.2","26,335,873.0","14,493,196.2",4,737,0,0,0,0,0,70,0,519,"38,410,125","3,289","1,000","2,289",0,0,0,0,0,0,0,0,0,0,"3,625,900",تنفذ الاعمال جيدا,,,,,,,,,,,,مبادرات تم صرف لها كمبات اسمنت وليست ضمن الموقف ولا يوجد لها مصفوفات معمدة
124,إب,الربع الاول من العام 1446هـ,السدة,استكمال رصف طريق قرية الدنوة,1417,اعمال انشائية,"3,065,280.0","2,464,800.0","600,480.0",3,136,0,0,0,0,0,5,400,0,"5,008,500",84,100,-16,0,0,0,0,0,0,0,0,0,0,"430,000",تم تنفيذ الاعمال بصورة جيدة وتعتبر مبادرة منجزة,,,,,,,,,,,,الملحقة
125,إب,الثانية,السدة,استكمال رصف طريق قرية الجنح التويتي,700,اعمال انشائية,"8,248,755.0","6,481,000.0","1,767,755.0",4,105,0,0,0,0,0,0,320,20,"4,904,800",228,228,0,0,0,0,480,480,0,0,0,0,0,"927,560",تم تنفيذ الاعمال جيدا بما يتناسب مع المنصرف من الاسمنت وتغلق بوضعها الراهن,,,,,,,,,,,,الثانية
126,إب,الثانية,السدة,استكمال رصف طريق بيت الشامي-عزلة المرخام,2500,اعمال انشائية,"12,607,200.0","10,340,000.0","2,267,200.0",4,-209,0,0,0,0,0,5,839,0,"9,905,310",350,350,0,0,0,0,0,0,0,0,0,0,0,"1,405,500",مبادرة منجزة ويجب نزول فريق مشترك من إدارة الوحدة من الإدارات المعنية وفريق الوحدة بالمحافظة والسلطة المحلية والجهات المعنية لاغلاقها وتسليمها للجهات المعنية,,,,,,,,,,,,الثانية
127,إب,الثانية,السدة,استكمال رصف طريق المصنعة -عزلة الزعلاء,1500,اعمال انشائية,"3,890,310.0","3,102,000.0","788,310.0",4,77,0,0,0,0,0,0,70,42,"3,716,700",105,105,0,0,0,0,0,0,0,0,0,0,0,"416,850",تم تنفيذ الاعمال جيدا بما يتناسب مع المنصرف من الاسمنت وتغلق بوضعها الراهن,,,,,,,,,,,,الثانية
128,إب,الربع الاول من العام 1446هـ,السدة,استكمال رصف طريق الريامي,5000,اعمال انشائية,"24,603,198.0","19,427,169.2","5,176,028.8",7,293,0,0,0,0,0,217,"1,828",11,"30,983,220",717,717,0,0,0,0,"1,449",0,"1,449",0,0,0,0,"2,846,400",تم انجاز الاعمال ويجب اغلاقها,,,,,,,,,,,,الملحقة
129,إب,الثانية,السدة,‫مسح وتوسعة ورصف طريق الكشاورة -عزلة الاعماس - السدة,1600,اعمال ترابية واعمال انشائية,"7,034,578.4","4,325,072.4","2,709,506.0",4,"3,050",0,"1,500","2,400",0,0,0,0,40,"5,594,685",252,252,0,0,0,0,"2,189","2,189",0,0,0,0,0,"1,006,400",تم تنفيذ الاعمال جيدا بما يتناسب مع المنصرف من الاسمنت وتغلق بوضعها الراهن,,,,,,,,,,,,الثانية
130,إب,الثالثة,السدة,رصف طريق وادي التويتي الجنوبي,,,-,-,-,4,187,0,0,0,0,0,0,0,105,0,0,500,-500,0,0,0,0,0,0,,,,,"1,900,000",0%,,,,,,,,,,,,
131,إب,الربع الثاني من العام 1446هـ,السياني,مسح وتوسعة ورصف طريق عدن الاشلوح الى وادي الصراح,0,اعمال انشائية,"28,962,521.0","22,920,722.0","6,041,799.0",6,"6,523",0,"2,907","6,523",0,0,0,"1,406",0,"21,473,326",733,400,333,0,0,0,"5,622","3,209","2,413",0,0,0,0,"2,978,075",العمل يجري بصورة جيدة ويطالبون ببقية مساهمة الوحدة من الاسمنت والديزل لانجاز المشروع,,,,,,,,,,,,مبادرات تم صرف لها كمبات ديزل وليست ضمن الموقف ولا يوجد لها مصفوفات معمدة
132,إب,الثانية,السياني,مسح وتوسعة ورصف طريق العبرة مشعره المصينعة الفجرة,9000,اعمال ترابية واعمال انشائية,"25,884,051.0","19,449,364.7","6,434,686.3",4,"1,500",0,"3,727","1,500",0,0,0,"2,187",0,"30,486,345",785,785,0,"2,227",0,"2,227","3,213","3,213",0,0,0,0,0,"4,875,682",منجز وقد تم اغلاق المبادرة ويطالبون بالبنزين المعتمد للمبادرة,,,,,,,,,,,,الثانية
133,إب,الثانية,السياني,مسح وتوسعة ورصف طريق الدخلة عدن جواد حذذ,15000,اعمال ترابية واعمال انشائية,"12,498,742.8","8,361,690.8","4,137,052.0",6,"1,003",0,"3,212",823,0,0,0,540,0,"10,389,649",223,223,0,0,0,0,"5,019","5,019",0,0,0,0,0,"3,232,090",منجز وبحاجة الى مرحلة ثانية,,,,,,,,,,,,الثانية
134,إب,الثانية,السياني,مسح وتوسعة ورصف طريق اكاد,1500,اعمال ترابية واعمال انشائية,"5,293,473.0","3,818,240.8","1,475,232.2",5,219,0,316,219,0,0,0,372,0,"4,555,418",159,92,67,0,0,0,750,750,0,0,0,0,0,"738,940",منجز قد تم اغلاق المبادلرة,,,,,,,,,,,,الثانية
135,إب,الربع الاول من العام 1446هـ,السياني,مسح وتوسعة ورصف  طريق  خط ذراع مكابس الذنبة الخرابة,,#N/A,"18,876,749.0","14,557,465.0","4,319,284.0",6,"5,100",0,"8,084","5,100",0,0,0,0,0,"11,712,336",352,0,352,0,0,0,"5,609","5,609",0,,,,,"2,524,050",تم انجاز الاعمال الترابية وهم في صدد جمع تبرعات الأهالي للقيام بالاعمال الانشائية,,,,,,,,,,,,
136,إب,الثانية,السياني,مسح وتوسعة طريق هدفان العزبية (مرحلة اولى),25000,اعمال ترابية,"7,342,078.4","4,288,872.3","3,053,206.1",7,"8,000",0,"7,240","8,000",0,0,0,0,0,"8,481,540",0,0,0,0,0,0,"5,379","5,379",0,0,0,0,0,"2,420,550",منجز وقد تم اغلاق المبادرة,,,,,,,,,,,,الثانية
137,إب,الثانية,السياني,مسح وتوسعة طريق الحريري العموقين نجد السقى,16000,اعمال ترابية,"6,463,241.1","3,764,464.7","2,698,776.4",5,"3,200",0,"4,600",265,0,0,0,419,0,"9,798,995",0,0,0,0,0,0,"4,721","4,721",0,0,0,0,0,"2,124,450",منجز وقد تم اغلاق المبادرة ويطالبون بمرحلة ثانية,,,,,,,,,,,,الثانية
138,إب,الثانية,السياني,مسح وتوسعة خط الضرافة,1300,اعمال ترابية,"2,103,222.6","1,217,769.9","885,452.8",6,"2,500",0,"2,429",520,0,0,0,0,0,"2,411,259",0,0,0,0,0,0,"1,348","1,348",0,0,0,0,0,"606,600",تم انجاز الاعمال ويجب اغلاقها,,,,,,,,,,,,الثانية
139,إب,الثانية,السياني,شق وتوسعه طريق الملوئة ضراس,4200,اعمال ترابية,"12,596,108.3","7,565,790.8","5,030,317.5",4,"1,600","8,460",0,0,0,0,0,0,0,"10,517,195",0,0,0,0,0,0,"9,027","9,027",0,0,0,0,0,"4,062,150","تم الإنجاز وقد تم التنفيذ للاعمل بصورة جيدة وبنفس المسار المعتمد
يطالب الأهالي بأعتماد كمية إضافية من مادة الديزل كمرخلة ثانية للمشروع",,,,,,,,,,,,الثانية
140,إب,الثانية,السياني,شق طريق رديع شعب القاضي,15000,اعمال ترابية,"10,826,623.9","6,657,203.6","4,169,420.3",0,0,0,0,0,0,0,0,0,0,0,0,0,0,0,0,0,"7,408",0,"7,408",0,0,0,0,0,تم اغلاق المبادرة بحسب الرفع من السلطة المحلية بالمديرية بسبب خلاف على عرض الطريق من قبل المجتمع,,,,,,,,,,,,الثانية
141,إب,الربع الثاني من العام 1446هـ,السياني,رصف عقبة طريق الصيرات - السياني,,#N/A,"4,992,317.3","4,098,600.0","893,717.3",4,89,0,0,244,0,0,8,338,0,"4,164,652",157,140,17,0,0,0,0,0,0,,,,,"508,830",العمل يجري بصورة جيدة,,,,,,,,,,,,
142,إب,الربع الرابع من العام 1446هـ,السياني,رصف طريق يعدش الذراع,0,اعمال انشائية,"8,362,453.2","6,892,186.6","1,470,266.6",4,"1,560",0,"1,430","1,560",0,0,0,360,0,"6,092,783",203,100,103,0,0,0,640,640,0,0,0,0,0,"667,450",العمل يجري بصورة جيدة,,,,,,,,,,,,
143,إب,الربع الرابع من العام 1446هـ,السياني,رصف طريق نخلان,0,اعمال انشائية,"7,388,354.8","6,164,760.0","1,223,594.8",7,75,0,0,0,0,0,0,531,0,"6,210,355",215,215,0,0,0,0,0,0,0,0,0,0,0,"781,418",العمل يجري بصورة جيدة,,,,,,,,,,,,
144,إب,الثانية,السياني,رصف طريق مدرسة النجاد,700,اعمال انشائية,"5,394,367.5","4,168,500.0","1,225,867.5",5,100,0,0,0,0,0,0,525,0,"6,347,250",184,183,1,0,0,0,0,0,0,0,0,0,0,"784,608",منجز وقد تم اغلاق المبادرة,,,,,,,,,,,,الثانية
145,إب,الربع الرابع من العام 1446هـ,السياني,رصف طريق مجرن,0,اعمال انشائية,"28,117,994.5","24,319,723.8","3,798,270.7",4,320,0,0,320,0,0,26,956,0,"12,043,240",707,350,357,0,0,0,0,0,0,0,0,0,0,"1,272,075",العمل يجري بصورة جيدة ويطالبون باعتماد كمية من الديزل لاستكمال مسح وتوسعة باقي جسم الطريق كونه لم يتم رفعها بالدراسة السابقة,,,,,,,,,,,,
146,إب,الربع الرابع من العام 1446هـ,السياني,رصف طريق عشة الدامغ,0,اعمال انشائية,"15,890,770.0","13,705,692.0","2,185,078.0",4,317,0,0,317,0,0,0,426,0,"5,203,832",393,100,293,0,0,0,0,0,0,0,0,0,0,"363,450",العمل يجري بصورة جيدة,,,,,,,,,,,,
147,إب,الثانية,السياني,رصف طريق عشة,1500,اعمال انشائية,"7,140,990.0","5,299,538.5","1,841,451.5",4,145,0,0,0,0,0,0,580,0,"7,012,200",245,245,0,0,0,0,517,517,0,0,0,0,0,"1,302,235",منجز وقد تم اغلاق المبادرة ويطالبون بمرحلة ثانية,,,,,,,,,,,,الثانية
148,إب,الربع الرابع من العام 1446هـ,السياني,رصف طريق رديع عزلة هدفان,0,اعمال انشائية,"6,573,327.0","5,430,268.0","1,143,059.0",4,120,0,0,120,0,0,0,460,0,"5,583,480",191,191,0,0,0,0,343,160,183,0,0,0,0,"770,190",تم انجاز الاعمال ويتوجبراغلاقها,,,,,,,,,,,,
149,إب,الربع الرابع من العام 1446هـ,السياني,رصف طريق بيت الفقية,,#N/A,"39,526,018.8","34,162,415.5","5,363,603.3",4,200,0,0,0,0,0,0,800,0,"9,672,000","1,016",300,716,0,0,0,0,0,0,,,,,"1,090,350",العمل يجري بصورة جيدة,,,,,,,,,,,,
150,إب,الربع الرابع من العام 1446هـ,السياني,رصف طريق برعات,0,اعمال انشائية,"11,471,962.3","9,678,427.5","1,793,534.8",5,95,0,0,0,0,0,0,428,0,"5,168,475",327,200,127,0,0,0,0,0,0,0,0,0,0,"726,900",العمل يجري بصورة جيدة,,,,,,,,,,,,
151,إب,الربع الرابع من العام 1446هـ,السياني,رصف طريق ايهار العليا,0,اعمال انشائية,"12,660,148.4","10,628,906.3","2,031,242.2",0,0,0,0,0,0,0,0,0,0,0,378,0,378,0,0,0,0,0,0,0,0,0,0,0,"بسبب عدم قدرة الأهالي على بدء العمل لاكثر من ثلاثة اشهر وبحسب رفع السلطة المحلية بتحويل الكمية الى مبادرة بناء خزان تجميعي لقرية القريعاء بنفس العزلة, فقد تم تحويل الكمية لصالح الخزان المذكور",,,,,,,,,,,,
152,إب,الربع الاول من العام 1446هـ,السياني,رصف طريق المجعارة-العداري-الجوازع-فروع,0,اعمال ترابية واعمال انشائية,"28,482,853.0","24,051,664.0","4,431,189.0",4,211,0,0,0,0,0,0,844,0,"10,203,960",796,252,544,0,0,0,495,0,495,0,0,0,0,"915,894",العمل يجري بصورة جيدة,,,,,,,,,,,,الملحقة
153,إب,الربع الرابع من العام 1446هـ,السياني,رصف طريق الظفاوة الدمنة,0,اعمال انشائية,"11,018,511.3","9,405,483.8","1,613,027.5",4,85,0,0,0,0,0,7,340,0,"4,362,600",286,150,136,0,0,0,0,0,0,0,0,0,0,"545,175",العمل يجري بصورة جيدة,,,,,,,,,,,,
154,إب,الربع الرابع من العام 1446هـ,السياني,رصف طريق الخورة,0,اعمال انشائية,"6,741,671.9","5,872,712.5","868,959.4",3,55,0,0,0,0,0,0,165,0,"1,994,850",168,50,118,0,0,0,0,0,0,0,0,0,0,"181,725",مبادرة منجزة ويجب نزول فريق مشترك من إدارة الوحدة من الإدارات المعنية وفريق الوحدة بالمحافظة والسلطة المحلية والجهات المعنية لاغلاقها وتسليمها للجهات المعنية,,,,,,,,,,,,
155,إب,الربع الرابع من العام 1446هـ,السياني,رصف طريق الحميراء وفروعها,0,اعمال انشائية,"41,555,053.7","35,855,212.3","5,699,841.4",4,120,0,0,0,0,0,0,600,25,"9,003,150","1,065",300,765,0,0,0,0,160,-160,0,0,0,0,"1,166,350",العمل يجري بصورة جيدة,,,,,,,,,,,,
156,إب,الثانية,السياني,رصف الطريق الرابط بين الدائري ومركز المديرية,20000,اعمال انشائية,"13,728,252.0","10,296,246.2","3,432,005.8",4,"1,200",0,777,"1,200",0,0,0,648,0,"9,375,630",476,0,476,0,0,0,"1,004","1,004",0,0,0,0,0,"476,900",العمل يجري بصورة جيدة ويطالبون بكمية من الاسمنت لاساكمال الاعمال,,,,,,,,,,,,الثانية
157,إب,الثانية,السياني,تسوية ورصف طريق اللفج,250,اعمال ترابية واعمال انشائية,"12,700,667.8","9,520,787.7","3,179,880.1",3,227,0,270,35,0,0,0,795,0,"10,258,315",429,372,57,0,0,0,"1,032","1,032",0,0,0,0,0,"2,029,440",متوقف بعد استكمال المقاطع التي تم تنفيذها وليتم تجميع الأهالي مساهمتهم لاستكمال الاعمال وقد تم استهلاك كامل الكمية من الاسمنت لاستخدام الأهالي الاسمنت بالرصف المشقلب غير المتظم بسبب وعورة النقيل,,,,,,,,,,,,الثانية
158,إب,الثانية,السياني,إستكمال رصف طريق جلب الخريب,3200,اعمال انشائية,"19,731,643.1","14,850,063.8","4,881,579.2",4,321,0,0,0,0,0,35,"1,284",0,"16,836,060",687,473,214,0,0,0,"1,448","1,448",0,0,0,0,0,"2,717,164",تم الإنجاز، حيث تم  تنفيذ الاعمال بصورة جيدة وبما يتناسب مع المنصرف من الاسمنت وتغلق بوضعها الراهن,,,,,,,,,,,,الثانية
159,إب,الثانية,السياني,استكمال رصف طريق قرية منزل السادة,600,اعمال انشائية,"8,538,288.0","6,359,446.2","2,178,841.8",4,201,0,0,0,0,0,0,804,0,"9,720,360",294,294,0,0,0,0,620,620,0,0,0,0,0,"1,562,502",منجز وقد تم اغلاق المبادرة,,,,,,,,,,,,الثانية
160,إب,الثانية,السياني,استكمال رصف طريق عميد الداخل (مرحلة اولى),10000,اعمال انشائية,"18,778,486.2","14,127,055.4","4,651,430.8",6,336,0,0,0,0,0,0,"1,848",0,"22,342,320",653,653,0,0,0,0,"1,378","1,378",0,0,0,0,0,"3,440,071",منجز وقد تم اغلاق المبادرة,,,,,,,,,,,,الثانية
161,إب,الثانية,السياني,استكمال رصف طريق ضراس,4000,اعمال انشائية,"12,405,809.3","3,634,403.1","16,040,212.3",4,358,0,0,0,0,0,0,"1,155",0,"13,957,905",430,430,0,0,0,0,906,906,0,0,0,0,0,"2,242,800",منجز وقد تم اغلاق المبادرة,,,,,,,,,,,,الثانية
162,إب,الثانية,السياني,استكمال رصف طريق ذي حرمات,1100,اعمال انشائية,"8,433,490.7","6,279,953.1","2,153,537.6",4,384,0,0,0,0,0,0,421,126,"11,356,254",290,290,0,0,0,0,613,613,0,0,0,0,0,"1,541,309",منجز وقد تم اغلاق المبادرة,,,,,,,,,,,,الثانية
163,إب,الربع الاول من العام 1446هـ,السياني,استكمال رصف طريق دار الجبل - السياني,0,اعمال ترابية واعمال انشائية,"10,562,749.8","1,960,937.4","8,601,812.4",5,121,0,0,0,0,0,0,628,0,"7,193,885",281,169,112,0,0,0,"1,358",200,"1,158",0,0,0,0,"782,200",متوقف حاليا لعدم قدرة الأهالي على استكمال الاعمال ، العمل المنفذ ممتاز وتم تنفيذة بمواصفات فنية وبإشراف هندسي,,,,,,,,,,,,الملحقة
164,إب,الربع الاول من العام 1446هـ,السياني,رصف طريق هدمان,,#N/A,"7,805,834.4","6,844,800.0","961,034.4",0,0,0,0,0,0,0,0,0,0,0,154,50,104,0,0,0,0,0,0,,,,,"181,725",لم يتم البدء بالاعمال وقد قام مدير المديرية بتحويل الاسمنت الى مبادرة أخرى غير معتمدة,,,,,,,,,,,,
165,إب,الثانية,السياني,استكمال رصف طريق أشار,1500,اعمال انشائية,"12,530,568.0","9,387,753.8","3,142,814.2",4,135,0,0,0,0,0,0,473,0,"5,712,525",434,172,262,0,0,0,916,916,0,0,0,0,0,"1,163,240",متوقف بسبب عدم توفر سيولة لدى المجتمع وقد تم التواصل مع السلطة المحلية بخصوص تفعيل المبادرة,,,,,,,,,,,,الثانية
166,إب,الثانية,الشعر,طريق مسورة - العكد,4000,اعمال ترابية واعمال انشائية,"25,012,241.6","16,018,140.0","8,994,101.6",1,130,0,0,0,0,0,475,0,0,"17,812,500","1,526",991,535,0,0,0,971,300,671,0,0,0,0,"4,129,100",تم عمل جدران ساندة ولازال العمل مستمر بشكل جيد,,,,,,,,,,,,الثانية
167,إب,الربع الثاني من العام 1446هـ,الشعر,رصف وتعبيد نقيل المنزل الظوهر,0,اعمال انشائية,"45,400,927.1","37,564,140.0","7,836,787.1",4,360,0,0,0,0,0,0,"1,440",0,"17,409,600","1,675",900,775,0,0,0,0,0,0,0,0,0,0,"2,995,000",العمل يجري بصورة جيدة وبحاجة الى الدفعة الثانية من الاسمنت,,,,,,,,,,,,موجودات ضمن تقرير الموقف ولا يوجد مصفوفات معمدة
168,إب,الثانية,الشعر,رصف طريق محبران,2000,اعمال ترابية واعمال انشائية,"19,578,450.4","9,294,380.9","10,284,069.6",4,400,0,0,0,0,0,0,364,240,"19,239,040","1,890","1,400",490,0,0,0,228,0,228,0,0,0,0,"5,740,000",منجزة وقد تم اغلاقها,,,,,,,,,,,,الثانية
169,إب,الثانية,الشعر,رصف طريق قرية نجد حوشب,1000,اعمال انشائية,"23,731,406.0","19,150,200.0","4,581,206.0",5,331,0,0,0,0,0,94,"2,210",0,"26,819,880",748,748,0,0,0,0,0,0,0,0,0,0,0,"3,066,800",منجزة وتم اغلاقها,,,,,,,,,,,,الثانية
170,إب,الربع الثاني من العام 1446هـ,الشعر,رصف طريق قرية ذي مناحب,2742,اعمال انشائية,"34,917,058.5","24,723,156.8","10,193,901.7",0,0,0,0,0,0,0,0,0,0,0,"2,376",0,"2,376",0,0,0,0,0,0,0,0,0,0,0,تم استئناف العمل من قبل المجتمع وبانتظار مساهمة الوحدة,,,,,,,,,,,,موجودات ضمن تقرير الموقف ولا يوجد مصفوفات معمدة
171,إب,الربع الثاني من العام 1446هـ,الشعر,رصف طريق قرية التبنيت,615,اعمال انشائية,"35,762,869.0","29,558,212.0","6,204,657.0",3,400,0,0,0,0,0,0,"1,200",0,"14,508,000","1,045",600,445,0,0,0,"2,082",500,"1,582",0,0,0,0,"2,685,000",تم البدء بالعمل مؤخرا,,,,,,,,,,,,موجودات ضمن تقرير الموقف ولا يوجد مصفوفات معمدة
172,إب,الثانية,الشعر,رصف طريق ذي حيض,1000,اعمال انشائية,"14,656,461.2","8,583,131.7","6,073,329.5",4,230,0,0,0,0,0,0,28,148,"10,570,530","1,068",780,288,0,0,0,315,0,315,0,0,0,0,"3,198,000",تم اغلاق المبادرة بحسب الرفع من السلطة المحلية,,,,,,,,,,,,الثانية
173,إب,الثانية,الشعر,رصف طريق ذي النمر,1500,اعمال ترابية واعمال انشائية,"21,428,646.2","10,191,225.6","11,237,420.6",4,190,0,0,0,0,0,0,0,261,"18,009,000","2,058","1,460",598,0,0,0,347,0,347,0,0,0,0,"5,926,000",تم البدء بالعمل وبشكل مستمر ووتيرة عالية,,,,,,,,,,,,الثانية
174,إب,الثانية,الشعر,رصف طريق دار ذي بر,3000,اعمال انشائية,"29,635,160.0","23,600,076.9","6,035,083.1",4,195,0,0,0,0,0,167,780,0,"15,707,700",825,825,0,0,0,0,"1,794",200,"1,594",0,0,0,0,"3,434,000",العمل يجري بصورة جيدة,,,,,,,,,,,,الثانية
175,إب,الثانية,الشعر,رصف طريق المعلي,5000,اعمال انشائية,"15,588,977.9","12,354,949.2","3,234,028.7",1,48,0,0,0,0,0,29,437,0,"6,379,035",431,180,251,0,0,0,946,0,946,0,0,0,0,"738,000",متوقف بسبب انتظار مساهمة الأهالي,,,,,,,,,,,,الثانية
176,إب,الربع الثاني من العام 1446هـ,الشعر,رصف طريق المحرور - ذي عجابة,965,اعمال انشائية,"30,569,452.4","23,918,380.0","6,651,072.4",4,160,0,0,0,0,0,0,0,101,"6,955,200","1,477",800,677,0,0,0,0,0,0,0,0,0,0,"3,280,000",لم يتم البدء بالعمل بسبب السيول,,,,,,,,,,,,موجودات ضمن تقرير الموقف ولا يوجد مصفوفات معمدة
177,إب,الربع الثاني من العام 1446هـ,الشعر,رصف طريق السرقي - العمقي - الضيعة مرحلة أولى,2263,اعمال انشائية,"33,005,820.0","21,219,525.4","11,786,294.6",4,200,0,0,0,0,0,0,0,364,"25,088,400","2,809","2,100",709,0,0,0,0,0,0,0,0,0,0,"10,710,000",العمل يجري بصورة جيدة,,,,,,,,,,,,موجودات ضمن تقرير الموقف ولا يوجد مصفوفات معمدة
178,إب,الثانية,الشعر,رصف طريق السرات,5000,اعمال انشائية,"22,708,039.2","11,858,178.5","10,849,860.7",3,478,0,0,0,0,0,0,200,282,"20,942,420","1,980","1,400",580,0,0,0,277,0,277,0,0,0,0,"5,740,000",مبادرة منجزة ولزم اغلاقها بوضعها بحسب افادة الأهالي عن استغنائهم عن المشروع,,,,,,,,,,,,الثانية
179,إب,الثانية,الشعر,رصف طريق الخرابة الصيرة,1000,اعمال ترابية واعمال انشائية,"25,370,369.4","20,164,503.6","5,205,865.9",7,90,0,0,0,0,0,0,730,0,"8,139,850",702,280,422,0,0,0,"1,619",0,"1,619",0,0,0,0,"1,148,000",العمل يجري بصورة جيدة,,,,,,,,,,,,الثانية
180,إب,الربع الثاني من العام 1446هـ,الشعر,استكمال مشروع رصف الطريق الرابط بين الشعر والعود,,#N/A,"254,968,697.0","204,501,990.0","50,466,707.0",5,"1,800","2,215",0,0,0,0,569,"2,025","1,440","144,887,820","6,487","6,487",0,0,0,0,"19,913",0,"19,913",,,,,"26,596,600",مبادرة منجزة ويجب نزول فريق مشترك من إدارة الوحدة من الإدارات المعنية وفريق الوحدة بالمحافظة والسلطة المحلية والجهات المعنية لاغلاقها وتسليمها للجهات المعنية,,,,,,,,,,,,
181,إب,الثانية,الشعر,استكمال رصف طريق ممسئ الدخله( وبناء جسر),5000,اعمال ترابية واعمال انشائية,"88,741,675.6","57,759,744.9","30,981,930.6",8,650,0,"1,452",650,"1,148",0,"1,086",0,270,"58,687,310","5,143","4,100","1,043",0,0,0,"5,060",700,"4,360",0,0,0,0,"17,022,500",تم صب قاعدة الجسر وأيضا تنفيذ الجدران والحوائط المسلحة وصب الجسر وينتظرون باقي المساهمة لاستكمال الاعمال وأيضا تم تنفيذ اعمال توسعة ضخمة ويطالبون بكمية من الديزل لسداد المديونية لاحدى المحطات,,,,,,,,,,,,الثانية
182,إب,الثانية,الشعر,استكمال رصف طريق ممسئ الخراف,5000,اعمال ترابية واعمال انشائية,"39,624,378.1","24,710,270.0","14,914,108.1",2,"5,000",0,0,0,0,0,0,"7,719",0,"57,847,710","2,722","1,500","1,222",0,0,0,0,0,0,0,0,0,0,"6,150,000",منجزة وقد  تم تنفيذ ربارب وجزء من الجدران الساندة  بمساهمة الأهالي  بينما الرصف تم على تفقة الأهالي ويعتبر من انجح المشاريع بالمديرية ويعتبر منجز,,,,,,,,,,,,الثانية
183,إب,الثانية,الشعر,استكمال رصف طريق جبوب نهشل,2500,اعمال انشائية,"17,842,896.0","14,160,046.2","3,682,849.8",4,176,0,0,0,0,0,0,"1,030",0,"11,620,220",495,200,295,0,0,0,"1,076",0,"1,076",0,0,0,0,"820,000",العمل متوقف حاليا لتجميع مساهمة الأهالي,,,,,,,,,,,,الثانية
184,إب,الربع الثاني من العام 1446هـ,الشعر,استكمال رصف طريق الملحكي,1467,اعمال انشائية,"30,737,984.3","22,068,003.2","8,669,981.1",0,0,0,0,0,0,0,0,0,0,0,"2,007",0,"2,007",0,0,0,0,0,0,0,0,0,0,0,العمل جار بالمبادرة الا انه لم يتم الصرف لها وبانتظار مساهمة الوحدة,,,,,,,,,,,,موجودات ضمن تقرير الموقف ولا يوجد مصفوفات معمدة
185,إب,الثانية,العدين,رصف نقيل المحربة,5750,اعمال انشائية,"20,958,244.3","17,285,560.0","3,672,684.3",4,187,0,0,0,0,0,10,715,0,"8,400,193",582,250,332,0,0,0,0,0,0,0,0,0,0,"869,071",من المبادراة النشطة والتي تم تنفيذ بنود الاعمال بصورة جيدة ويجب ان يتم استكمال صرف مساهمة الوحدة المتبقية لهذة المبادرة كما تم تجهيز اكثر من 500 حجر لاستكمال باقيي العقبات,,,,,,,,,,,,الثانية
186,إب,الثانية,العدين,رصف عقبة تحت بيت عبده حميد,10250,اعمال انشائية,"8,373,282.0","6,824,400.0","1,548,882.0",5,86,0,0,0,0,0,0,404,0,"4,453,510",231,231,0,0,0,0,0,0,0,0,0,0,0,"792,199",لم يتم البدء في تنفيذ استكمال بنود الاعمال المتبقية على الرغم من  الكمية المنصرفة لها كاملة  حيث تم التواصل مع اللجنة المجتمعية واشعارهم بضرورة  سرعة استكمال الاعمال حفاظا على عدم تلف الكمية المنصرفة,,,,,,,,,,,,الثانية
187,إب,الثانية,العدين,رصف طريق باب النجد,,#N/A,"18,327,202.0","14,985,900.0","3,341,302.0",4,326,0,0,0,0,0,165,"1,386",0,"22,246,512",532,430,102,0,0,0,0,0,0,,,,,"1,477,243",استكمال ماتبفي من صرف مادة  الاسمنت,,,,,,,,,,,,
188,إب,الثانية,العدين,رصف عقبة المبروق,14700,اعمال انشائية,"22,942,941.0","18,922,200.0","4,020,741.0",7,44,0,0,0,0,0,12,308,0,"4,177,712",641,244,397,0,0,0,0,0,0,0,0,0,0,"850,309",متوقف حاليا متبقي اسمنت الدفعة الثانية 144لم يتم العمل بها ون بسبب تجهيزهم للاحجار,,,,,,,,,,,,الثانية
189,إب,الثانية,العدين,رصف طريق نقيل الماجل,2100,اعمال انشائية,"28,958,450.0","23,940,000.0","5,018,450.0",4,630,0,0,0,0,0,24,"2,308",0,"27,707,096",805,805,0,0,0,0,0,0,0,0,0,0,0,"2,813,000",المبادرة منجزة وتحتاج الى اغلاق,,,,,,,,,,,,الثانية
190,إب,الثانية,العدين,رصف طريق نقيل العرش,7500,اعمال انشائية,"16,671,507.9","13,665,180.0","3,006,327.9",4,250,0,0,0,0,0,2,"1,034",0,"12,293,310",474,474,0,0,0,0,64,64,0,0,0,0,0,"1,624,537",تم انجاز الاعمال وتم استخدام الاسمنت كيسين للمتر لذا لم يتطابق مع المعيارية,,,,,,,,,,,,الثانية
191,إب,الربع الثاني من العام 1446هـ,العدين,رصف طريق نقيل الحلصة,2300,اعمال انشائية,"15,162,784.5","12,909,600.0","2,253,184.5",4,160,0,0,0,0,0,25,720,0,"9,642,300",437,200,237,0,0,0,0,0,0,0,0,0,0,"718,725",العمل قيد التنفيذ وتم البدء في سنترة الطريق بطول 150م طولي من الجهتين و في تجهيز الأحجار وتوقيصها علما انه قد تم توقيص 6500 حجر وتم نقل 6000 حجر الى الموقع,,,,,,,,,,,,موجودات ضمن تقرير الموقف ولا يوجد مصفوفات معمدة
192,إب,الثانية,العدين,رصف طريق نقيل الجمال,8000,اعمال انشائية,"28,875,027.2","23,863,582.0","5,011,445.2",4,380,0,0,0,0,0,104,"1,495",0,"21,974,550",804,804,0,0,0,0,0,0,0,0,0,0,0,"2,556,514",تم انجاز الاعمال وويجب اغلاقها,,,,,,,,,,,,الثانية
193,إب,الثانية,العدين,رصف طريق موكس الزرة,15000,اعمال ترابية واعمال انشائية,"15,889,329.7","13,063,033.7","2,826,296.0",4,380,0,0,0,0,0,210,"1,437",0,"24,742,220",437,437,0,0,0,0,57,57,0,0,0,0,0,"1,809,403",من المبادراة النشطة والتي تم تنفيذ بنود الاعمال بصورة جيدة,,,,,,,,,,,,الثانية
194,إب,الربع الثاني من العام 1446هـ,العدين,رصف طريق فرعان السهلة,987,اعمال انشائية,"28,111,584.0","24,482,800.0","3,628,784.0",0,0,0,0,0,0,0,0,0,0,0,700,150,550,0,0,0,0,0,0,0,0,0,0,"545,175",لم يتمكن الأهالي من البدء بالعمل نظرا لظروفهم الصعبة وقد تم تحويل الكمية المنصرفة سابقا200 كيس، حيث تم التحويل 150 كيس الى مبادرة فعالة من قبل السلطة المحلية والجمعية ولم يتم موافاتنا بمعلوماتها حتى اللحظة لذا لم نسقطها، بينما تم تحويل 50 كيس الى مبادرة رصف طريق شظيف وقد تم اسقاطها.,,,,,,,,,,,,موجودات ضمن تقرير الموقف ولا يوجد مصفوفات معمدة
195,إب,الثانية,العدين,رصف طريق عمقيت,1044,اعمال انشائية,"20,111,522.5","16,587,000.0","3,524,522.5",5,202,0,0,0,0,0,0,"1,037",0,"11,673,160",558,320,238,0,0,0,0,0,0,0,0,0,0,"1,087,971",المبادرة متوقفة عن العمل بحسب افادة اللجنة المجتمعية لعدم قدرتهم على توفير مساهمتهم في تنفيذ المبادرة,,,,,,,,,,,,الثانية
196,إب,الربع الثاني من العام 1446هـ,العدين,رصف طريق عقبة الغضيبة,5201,اعمال انشائية,"22,206,655.8","18,998,190.0","3,208,465.8",4,263,0,0,0,0,0,21,"1,322",0,"15,541,783",635,485,150,0,0,0,0,0,0,0,0,0,0,"1,754,558",العمل يجري بصورة جيدة,,,,,,,,,,,,موجودات ضمن تقرير الموقف ولا يوجد مصفوفات معمدة
197,إب,الربع الثاني من العام 1446هـ,العدين,رصف طريق العامرة,,#N/A,"16,538,812.5","13,427,000.0","3,111,812.5",4,188,0,0,0,0,0,85,752,0,"12,294,180",558,150,408,0,0,0,0,0,0,,,,,"537,000",استكمال صرف الاسمنت كون المبادرة فعالة بشكل جيد وحتى يتم إنجازها,P,,,#REF!,,,,,,,,
198,إب,الربع الثاني من العام 1446هـ,العدين,رصف طريق صنيد الظهر الشرقي,,#N/A,"8,432,610.0","7,130,700.0","1,301,910.0",5,47,18,0,0,0,0,30,212,0,"3,697,335",239,122,117,0,0,0,0,0,0,,,,,"436,760",استكمال صرف الاسمنت كون المبادرة فعالة بشكل جيد وحتى يتم إنجازها,,,,,,,,,,,,
199,إب,الربع الثاني من العام 1446هـ,العدين,رصف طريق شضيف عردن,0,اعمال انشائية,"116,838,623.2","97,757,305.2","19,081,318.0",4,600,0,"2,228","3,800",0,0,"1,225","2,400",0,"78,036,990","3,796","1,550","2,246",0,0,0,"2,205","2,205",0,0,0,0,0,"5,641,175",العمل يجري بصورة جيدة وبحاجة الى كمية كبيرة من الاسمنت لاستكمال الاعمال وتم تحويل 100 كيس للمبادرة من مبادرة رصف طريق المحلة الكريف الحصابيين المتعثرة,,,,,,,,,,,,موجودات ضمن تقرير الموقف ولا يوجد مصفوفات معمدة
200,إب,الربع الثاني من العام 1446هـ,العدين,رصف طريق شبع,471,اعمال انشائية,"33,675,886.1","28,895,895.0","4,779,991.1",4,205,0,0,0,0,0,43,696,0,"9,580,560",960,310,650,0,0,0,0,0,0,0,0,0,0,"1,118,520",العمل قيد التنفيذ في المشروع,,,,,,,,,,,,موجودات ضمن تقرير الموقف ولا يوجد مصفوفات معمدة
201,إب,الربع الاول من العام 1446هـ,العدين,رصف طريق سنعات العمارنة,2870,اعمال انشائية,"27,265,938.6","23,253,090.0","4,012,848.6",4,100,0,0,0,0,0,0,400,0,"4,836,000",714,440,274,0,0,0,0,0,0,0,0,0,0,"1,540,000",العمل متوقف بسبب عدم  تواجد رئيس اللجنة المجتمعية منذ اشهر، وقد تم الرفع بالمبادرة ضمن خطة النزول لمعرفة الأسباب الحقيقية.,,,,,,,,,,,,الملحقة
202,إب,الربع الثاني من العام 1446هـ,العدين,رصف طريق ذي خساع,2800,اعمال انشائية,"28,217,036.8","22,983,274.3","5,233,762.5",6,237,0,0,0,0,0,633,"1,193",0,"38,153,370",886,886,0,0,0,0,"1,793",0,"1,793",0,0,0,0,"3,192,917",العمل قيد التنفيذ في تجهيز الأحجار وتوقيصها ولم يتم البدء في عملية الرصف بسبب الامطار والسيول,,,,,,,,,,,,موجودات ضمن تقرير الموقف ولا يوجد مصفوفات معمدة
203,إب,الربع الثاني من العام 1446هـ,العدين,رصف طريق دار عمير,987,اعمال انشائية,"15,885,624.9","10,921,176.8","4,964,448.1",3,105,0,0,0,0,0,28,240,27,"5,814,600","1,145",245,900,0,0,0,0,0,0,0,0,0,0,"722,750",العمل قيد التنفيذ في المشروع ويجري بشكل جيد,,,,,,,,,,,,موجودات ضمن تقرير الموقف ولا يوجد مصفوفات معمدة
204,إب,الربع الاول من العام 1446هـ,العدين,رصف طريق المكادر مدرسة الفوز,2870,اعمال انشائية,"45,492,541.0","39,449,819.0","6,042,722.0",3,200,0,0,0,0,0,0,600,0,"7,254,000","1,062",200,862,0,0,0,0,0,0,0,0,0,0,"640,000",تم تحويل كمية 200 كيس من مبادرة رصف خرسااني لطريق الاكمة وقد تم العمل بها ،وتوقف العمل بعد ذلك  وانتظار كمية من الاسمنت,,,,,,,,,,,,الملحقة
205,إب,الربع الثاني من العام 1446هـ,العدين,رصف طريق المحلة الكريف الحصابيين,750,اعمال انشائية,"15,017,400.0","12,606,000.0","2,411,400.0",0,0,0,0,0,0,0,0,0,0,0,480,0,480,0,0,0,0,0,0,0,0,0,0,"30,000",العمل متوقف بسبب ضروفهم المادية الصعبة وقد تم تحويل الكميات المنصرفة من قبل الجمعية ومدير عام المديرية الى مبادرة رصف طريق شظيف عردن,,,,,,,,,,,,موجودات ضمن تقرير الموقف ولا يوجد مصفوفات معمدة
206,إب,الربع الثاني من العام 1446هـ,العدين,رصف طريق المحل مروة العليا,850,اعمال انشائية,"7,546,913.0","6,486,350.0","1,060,563.0",3,158,0,0,0,0,0,48,493,0,"7,767,327",221,221,0,0,0,0,0,0,0,0,0,0,0,"795,595",تم انجاز الاعمال بحسب افادة اللجنة من خلال التواصل وقد تم الرفع بها ضمن خطة النزول للتأكد من حالة المشروع,,,,,,,,,,,,موجودات ضمن تقرير الموقف ولا يوجد مصفوفات معمدة
207,إب,الربع الثاني من العام 1446هـ,العدين,رصف طريق الكريف زهقان,8000,اعمال انشائية,"51,886,466.0","44,497,280.0","7,389,186.0",4,293,0,0,0,0,0,220,"1,612",0,"25,657,880","1,507",707,800,0,0,0,0,0,0,0,0,0,0,"2,553,242",العمل قيد التنفيذ في تسوية الطريق وتوسعتها قبل الرصف وسيتم البدء في العمل بعد يومين حسب افادة رئيس اللجنة المجتمعية,,,,,,,,,,,,موجودات ضمن تقرير الموقف ولا يوجد مصفوفات معمدة
208,إب,الربع الثاني من العام 1446هـ,العدين,رصف طريق الكراب العروم المقبرة,530,اعمال انشائية,"3,786,331.5","3,257,100.0","529,231.5",3,80,0,0,0,0,0,16,240,0,"3,501,600",110,110,0,0,0,0,0,0,0,0,0,0,0,"399,795",المبادرة منجزة,,,,,,,,,,,,موجودات ضمن تقرير الموقف ولا يوجد مصفوفات معمدة
209,إب,الربع الثاني من العام 1446هـ,العدين,رصف طريق العنوة الشعايب,8100,اعمال انشائية,"28,976,351.4","23,167,130.8","5,809,220.6",4,310,0,0,0,0,0,411,"1,445",0,"32,891,925","1,006",556,450,0,0,0,"1,988",0,"1,988",0,0,0,0,"2,007,157",العمل قيد التنفيذ في المشروع وبصورة جيدة,,,,,,,,,,,,موجودات ضمن تقرير الموقف ولا يوجد مصفوفات معمدة
210,إب,الثانية,العدين,رصف طريق العمارنة شلف,44800,اعمال انشائية,"20,863,566.7","17,212,140.0","3,651,426.7",4,155,0,0,0,0,0,5,620,0,"7,683,300",579,200,379,0,0,0,0,0,0,0,0,0,0,"726,900",جمع مساهمة الأهالي,,,,,,,,,,,,الثانية
211,إب,الربع الثاني من العام 1446هـ,العدين,رصف طريق العدنة الذهب,344,اعمال انشائية,"16,597,790.8","14,160,120.0","2,437,670.8",3,87,0,0,0,0,0,22,0,39,"3,541,350",475,250,225,0,0,0,0,0,0,0,0,0,0,"737,500",العمل متوقف حتى يتم الانتهاء من الاختبارات الوزارية كون مدير الصندوق رئيس لجنة وسيتم البدء في المشروع حال انتهاء الاختبارات,,,,,,,,,,,,موجودات ضمن تقرير الموقف ولا يوجد مصفوفات معمدة
212,إب,الربع الثاني من العام 1446هـ,العدين,رصف طريق السنافي,297,اعمال انشائية,"13,551,009.6","11,544,840.0","2,006,169.6",4,93,0,0,0,0,0,7,317,0,"4,097,694",385,300,85,0,0,0,0,0,0,0,0,0,0,"1,082,175",العمل متوقف بسبب ان رئيس اللجنة في مكة وسيتم البدء في العمل في حال الوصول الى موقع المشروع,,,,,,,,,,,,موجودات ضمن تقرير الموقف ولا يوجد مصفوفات معمدة
213,إب,الثانية,العدين,رصف طريق الزرة العمارنة,20000,اعمال انشائية,"9,452,423.3","7,726,860.0","1,725,563.3",4,177,0,0,0,0,0,0,708,0,"8,169,495",260,260,0,0,0,0,0,0,0,0,0,0,0,"900,343",المبادرة منجزة وتحتاج الى محضر اغلاق,,,,,,,,,,,,الثانية
214,إب,الربع الثاني من العام 1446هـ,العدين,رصف طريق الحرم والحوكلة,8072,اعمال انشائية,"17,715,934.1","11,787,696.0","5,928,238.1",4,102,0,0,0,0,0,0,0,49,"3,378,240","1,385",300,"1,085",0,0,0,0,0,0,0,0,0,0,"885,000",العمل قيد التنفيذ في المشروع وتم البدء في عملية الرصف الخرساني في المشروع,,,,,,,,,,,,موجودات ضمن تقرير الموقف ولا يوجد مصفوفات معمدة
215,إب,الثانية,العدين,رصف خرساني مسلح عقبة الاكمة,2300,اعمال انشائية,"8,730,115.2","4,125,840.0","4,604,275.2",5,110,0,0,0,0,0,0,60,103,"7,548,600",840,500,340,0,0,0,0,0,0,0,0,0,0,"2,961,229",تم تحويل  كمية ( 340 ) الدفعة الثالثة المنصرفة لهذة المبادرة وتحويلها الى مبادرتين ضمن المصفوفة الملحقة حيث قدمت اللجنة المجتمعية اعتذار عن عدم قدرتهم على استكمال المساهمة في تنفيذ بنود الاعمال المتبقي ولزم اغلاقها,,,,,,,,,,,,الثانية
216,إب,الثانية,العدين,رصف حجري وجدران ساندة لطريق العفيف العنيقبي,21965,اعمال انشائية,"27,313,323.7","21,957,540.0","5,355,783.7",4,110,0,0,0,0,0,133,375,21,"10,404,560",882,470,412,0,0,0,446,446,0,0,0,0,0,"2,900,777",العمل متوقف حاليا في موقع المبادرة  وسيتم استئناف العمل في حال توفر مساهمة المجتمع حسب افادة رئيس اللجنة,,,,,,,,,,,,الثانية
217,إب,الثانية,العدين,اصلاح ورصف طريق الظهرة رماظة,20000,اعمال انشائية,"29,310,782.1","24,119,320.0","5,191,462.1",4,469,0,0,0,0,0,0,"1,585",0,"19,160,837",838,738,100,0,0,0,78,78,0,0,0,0,0,"2,556,249",تم تغيير موقع مسار الرصف حسب ماتم رفعة بالدراسات حيث يجري العمل بصورة جيدة في المبادرة,,,,,,,,,,,,الثانية
218,إب,الثانية,العدين,استكمال رصف نقيل السد,7500,اعمال انشائية,"2,645,040.0","2,068,000.0","577,040.0",0,0,0,0,0,0,0,0,0,0,0,70,0,70,0,0,0,0,0,0,0,0,0,0,0,قام الاهالي بااستكمال الرصف قبل وصول مساهمة الوحدة ولزم اغلاقها واخراجها من المصفوفة,,,,,,,,,,,,الثانية
219,إب,الثانية,العدين,استكمال رصف طريق حواده,1200,#N/A,"6,131,796.0","4,963,200.0","1,168,596.0",0,0,0,0,0,0,0,0,0,0,0,168,0,168,0,0,0,0,0,0,,,,,0,قام الاهالي بااستكمال الرصف قبل وصول مساهمة الوحدة ولزم اغلاقها واخراجها من المصفوفة,0,×,,,استكمال رصف طريق حواده,,,1,,,,
220,إب,الثانية,العدين,شق طريق العومرية الصلبة رأس قصع حليان,,اعمال ترابية,"13,482,428.0","8,269,705.0","5,212,723.0",6,"2,800",0,"6,790","2,800",0,0,0,0,0,"11,310,150",0,0,0,0,0,0,"9,340","3,500","5,840",,,,,"1,662,500",تم الصرف لها كمية من الديزل وهي مبادرة فعالة وقد سبق ان قام الأهالي بشق اكثر من ثلاثة كيلوا كمبادرة ذاتية ويطالبون بكميات من الديزل,,,,,,,,,,,,
221,إب,الأولى,القفر,مشروع  مسح وتوسعة ورصف طريق  (ذالحود -  جزاح) - عزلة بني مسلم,4500,اعمال ترابية واعمال انشائية,"12,577,216.1","8,252,610.4","4,324,605.7",5,"1,560",0,"1,355",0,0,0,0,70,0,"2,136,965",334,167,167,0,0,0,"1,845",0,"1,845",0,0,0,0,"771,080","متوقفة , وتم سابقا تنفيذ بنود اعمال غير البنود المعتمدة في الدراسة",#REF!,0,0,0,0,0,#REF!,0,#REF!,#REF!,,الأولى
222,إب,الثانية,القفر,مسح وتوسعة وشق طريق بني مرغم,1600,اعمال ترابية,"5,537,777.8","2,786,261.9","2,751,515.9",0,0,0,0,0,0,0,0,0,0,0,0,0,0,0,0,0,"3,068",0,"3,068",0,0,0,0,0,يطالبون بمعدة الوحدة كتدخل مباشر بسبب الوضع المعيشي الصعب,#REF!,0,0,0,0,0,#REF!,0,#REF!,#REF!,,الثانية
223,إب,الأولى,القفر,مسح وتوسعة ورصف طريق بيت الاديب - المناحمة - القفر,12000,اعمال ترابية واعمال انشائية,"25,397,896.9","16,589,297.2","8,808,599.7",4,120,0,0,0,0,0,0,0,72,"3,729,600",496,496,0,0,0,0,"6,688",488,"6,200",0,0,0,0,"2,362,640",تم تنفيذ اول مقطع رصف ويتم التجهيز المواد لمقاطع اخرى,#REF!,0,0,0,0,0,#REF!,0,#REF!,#REF!,,الأولى
224,إب,الثانية,القفر,مسح وتوسعة طريق قرية ذي العيان,500,اعمال ترابية,"2,136,212.2","1,221,930.8","914,281.4",0,0,0,0,0,0,0,0,0,0,0,0,0,0,0,0,0,"1,193",0,"1,193",0,0,0,0,0,يطالبون بمعدة الوحدة كتدخل مباشر بسبب الوضع المعيشي الصعب,#REF!,0,0,0,0,0,#REF!,0,#REF!,#REF!,,الثانية
225,إب,الأولى,القفر,مسح وتسوية وشق وتصريف مياة-طريق عوبل,15000,اعمال ترابية,"4,197,082.8","2,590,040.0","1,607,042.7",0,0,0,"8,000",0,0,0,0,0,0,"22,240,000",0,0,0,0,0,0,"2,427",0,"2,427",0,0,0,0,0,تم الصرف لها من الديزل المورد بعهدة مدير مديرية القفر ولم نعلم كم الكمية المنصرفة حيث لا يوجد امر صرف او سجل شطب كما ان كميات الاعمال المدرجةهنا بحسب افادة السلطة المحلية شفويا ويجب النزول لها للتقيييم ومعرفة كمية الديزل المنصرفة,#REF!,0,0,0,0,0,#REF!,0,#REF!,#REF!,,الأولى
226,إب,الأولى,القفر,مسح وتسوية وشق وتصريف مياة-طريق شيعان-اليفاعي -العارضة,0,اعمال ترابية واعمال انشائية,"30,146,888.9","19,627,643.4","10,519,245.4",5,"24,000",0,"24,000",0,0,0,18,968,0,"78,776,480",526,375,151,0,0,0,"9,033",0,"9,033",0,0,0,0,"1,625,000",نفذت الاعمال حسب المخطط لها والاهالي منتظرين باقي الدعم كون الاحجار متوفرة,#REF!,0,0,0,0,0,#REF!,0,#REF!,#REF!,,الأولى
227,إب,الأولى,القفر,مسح وتسوية ورصف طريق مذكران - الاصلاب -ذالحود - تالبة,14000,اعمال ترابية واعمال انشائية,"19,350,267.1","12,681,024.8","6,669,242.4",5,"14,182",480,56,"3,817",0,0,0,0,0,"1,637,628",568,0,568,0,0,0,"2,108",0,"2,108",قطع كمية (32) م3 صخري بكمبريشن الوحدة,"163,000","163,000",0,"42,000",لم تنفيذ سوى الاعمال الترابية  وتم تحويل كمية الاسمنت الى مبادرة اخرى,#REF!,0,0,0,0,0,#REF!,0,#REF!,#REF!,,الأولى
228,إب,الأولى,القفر,مسح وتسوية ورصف طريق مدحجين- بني جماعة -النخلة- جبل عدن,19022,اعمال ترابية واعمال انشائية,"41,081,310.7","26,684,353.4","14,396,957.4",5,"2,000",0,0,"2,000",0,0,100,550,64,"12,343,500","1,185",592,593,0,0,0,"5,910",0,"5,910",0,0,0,0,"2,730,080",تسير الاعمال بشكل جيد حيث نشطت المبادرة مؤخرا,#REF!,0,0,0,0,0,#REF!,0,#REF!,#REF!,,الأولى
229,إب,الثانية,القفر,مسح وتسوية ورصف طريق السبل,0,اعمال ترابية واعمال انشائية,"15,822,088.7","12,348,764.0","3,473,324.7",0,0,0,0,0,0,0,0,0,0,0,415,127,288,0,0,0,"1,575",0,"1,575",قطع (2505) حجر وكمية (214) م3 صخري بكمبريشن الوحدة,"990,100","990,100",0,"508,000",بانتظار معدة الوحدة والطريق وعرة جدا ولا يمكن رصفها قبل التوسعة والمسح وهي من الأولويات ومن التي تضررت بالسيول في العام الماضي، وقد تم النزول مع الجمعية الى موقع المشروع ولم يوافق الأهالي على سحب الكميات من الاسمنت تخوفا من عدم الصرف لهم مرة اخرى، والتزم المجتمع بتحمل المسؤولية عند تلفه,#REF!,0,0,0,0,0,#REF!,0,#REF!,#REF!,,الثانية
230,إب,الثانية,القفر,شق وتوسعة ومسح ورصف طريق (مقرض - بيت السندي ),3500,اعمال ترابية واعمال انشائية,"16,489,448.3","12,477,121.8","4,012,326.5",0,0,0,0,0,0,0,0,0,0,0,430,100,330,0,0,0,"2,469",0,"2,469",0,0,0,0,"400,000","لم يبادر الاهالي بالأعمال الى وقت الزيارة . حيث التزم الاهالي ان تبدء الاعمال خلال اسبوع, واذا لم تبدء الاعمال يتم سحب الاسمنت الى مبادرة اخرى فعالة الا انه لم يتم البدء حتى الان، وقد تم مخاطبة السلطة المحلية.",#REF!,0,0,0,0,0,#REF!,0,#REF!,#REF!,,الثانية
231,إب,الثانية,القفر,شق وتوسعة ومسح طريقة مسحمة,1500,اعمال ترابية,"3,043,365.7","1,904,724.0","1,138,641.7",0,0,0,0,0,0,0,0,0,0,0,0,0,0,0,0,0,"1,800",0,"1,800",0,0,0,0,0,يطالبون بمعدة الوحدة كتدخل مباشر بسبب الوضع المعيشي الصعب,#REF!,0,0,0,0,0,#REF!,0,#REF!,#REF!,,الثانية
232,إب,الثانية,القفر,شق وتوسعة ومسح طريقة حمير,2000,اعمال ترابية,"3,511,121.5","2,213,022.5","1,298,099.0",0,0,0,0,0,0,0,0,0,0,0,0,0,0,0,0,0,"2,092",0,"2,092",0,0,0,0,0,يطالبون بمعدة الوحدة كتدخل مباشر بسبب الوضع المعيشي الصعب,#REF!,0,0,0,0,0,#REF!,0,#REF!,#REF!,,الثانية
233,إب,الثانية,القفر,شق وتوسعة ومسح طريقة الهباري,2000,اعمال ترابية واعمال انشائية,"9,032,077.9","6,977,341.0","2,054,736.9",3,50,0,0,0,0,0,140,150,0,"7,063,500",230,230,0,0,0,0,983,0,983,0,0,0,0,"920,000",تم انجاز الاعمال الا ان الجدران انهارت بعد ذلك وقد تم برفع طلب بالتدخل المباشر,#REF!,0,0,0,0,0,#REF!,0,#REF!,#REF!,,الثانية
234,إب,الأولى,القفر,شق وتوسعة طريق بيت الاديب - مصينعة - حوتا,3000,اعمال ترابية,"1,792,957.1","1,049,797.0","743,160.1",0,0,0,0,0,0,0,0,0,0,0,0,0,0,0,0,0,984,0,984,قطع (150) حجر وكمية (67) م3 صخري بكمبريشن الوحدة,"990,875","990,875",0,0,تم مسحها بالمعدة التابعة للوحدة وتم ادراجها ضمن مشاريع برنامج توسعة وتحسين جودة خدمة الطرق الريفية,#REF!,0,0,0,0,0,#REF!,0,#REF!,#REF!,,الأولى
235,إب,الربع الثالث من العام 1446هـ,القفر,شق وتوسعة طريق البرق مذحجين,,اعمال شق وتوسعة,"8,122,077.9","5,025,837.5","3,096,240.4",4,"3,200","4,271",0,"3,140",0,0,0,0,0,"7,551,790",0,0,0,0,0,0,"5,419","5,000",419,,,,,"2,375,000",يتم حاليا تنفيذ اعمال المسح والتوسعة,,,,,,,,,,,,
236,إب,الثانية,القفر,رصف طريقة جماش,500,اعمال انشائية,"6,041,259.0","4,852,800.0","1,188,459.0",4,37,0,0,0,0,0,17,130,0,"2,207,991",173,73,100,0,0,0,0,0,0,0,0,0,0,"292,000",تفذ الرصف مع جدار ساند بشكل مناسب  كذألك يحتاج الاهالي الى احجار لاستكمال الرصف حيث وضع الاهالي صعب وصرف ما تبقى لهم من مادة الاسمنت,#REF!,0,0,0,1,1,#REF!,0,#REF!,#REF!,,الثانية
237,إب,الثانية,القفر,رصف طريقة البيني,500,اعمال انشائية,"8,248,755.0","6,721,000.0","1,527,755.0",5,48,0,0,0,0,0,0,250,0,"3,022,500",228,100,128,0,0,0,0,0,0,0,0,0,0,"400,000","الرصف نفذ بصورة جيدة حيث ان الاعمال ما زالت مستمر  وقيد التنفيذ , وعليه يتم صرف مساهمة الوحدة من مادة الاسمنت بصورة عاجلة.",#REF!,0,0,0,0,0,#REF!,0,#REF!,#REF!,,الثانية
238,إب,الثانية,القفر,رصف طريق قريتي ( ذي حرمان_ذي شمر ),1000,اعمال انشائية,"10,481,383.0","8,493,600.0","1,987,783.0",3,60,0,0,0,0,0,0,198,0,"2,393,820",307,100,207,0,0,0,0,0,0,0,0,0,0,"400,000",العمل يجري بصورة لا باس بها وجودة العمل ضعيفة,#REF!,0,0,0,1,1,#REF!,0,#REF!,#REF!,,الثانية
239,إب,الثانية,القفر,رصف طريق قرية ( تالبة ),1500,اعمال انشائية,"11,486,457.0","9,409,400.0","2,077,057.0",4,85,0,0,0,0,0,0,262,0,"3,172,416",319,100,219,0,0,0,0,0,0,0,0,0,0,"400,000",بحاجة الى دفعة ثانية من الاسمنت,#REF!,0,0,0,1,1,#REF!,0,#REF!,#REF!,,الثانية
240,إب,الثانية,القفر,رصف طريق قرية ( بيحان ),2000,اعمال انشائية,"14,040,342.0","11,426,400.0","2,613,942.0",3,112,0,0,0,27,0,329,0,31,"12,845,800",411,307,104,0,0,0,0,0,0,0,0,0,0,"1,228,000",المبادرة منجزة من حيث استخدام الاسمنت ويطالبون ببقية مساهمة الوحدة لاستكمال اعمال اضافية,#REF!,0,0,0,0,0,#REF!,0,#REF!,#REF!,,الثانية
241,إب,الثانية,القفر,رصف طريق الظهيرة منحم العدائف,2000,اعمال انشائية,"35,574,346.0","29,413,200.0","6,161,146.0",3,65,0,0,0,0,0,0,295,0,"3,566,550",995,100,895,0,0,0,0,0,0,0,0,0,0,"400,000",لم يتم الدء بالعمل لعدم القدرة على توفير مساهمة المجتمع ونقترح زيادرة دعم المبادرة باجور عمالة ماهرة,#REF!,0,0,0,0,0,#REF!,0,#REF!,#REF!,,الثانية
242,إب,الربع الثالث من العام 1446هـ,القفر,رصف حجري لعقاب (الحديقي – المنجمة – الحمره – الدرسة – مقطرة),0,اعمال انشائية,"22,974,042.8","18,536,404.2","4,437,638.5",4,266,0,0,0,0,0,9,"1,161",0,"14,110,160",675,300,375,0,0,0,"1,434","1,434",0,0,0,0,0,"1,771,500",العمل جيد ويتم تكسير الأحجار بكمبريشن الوحدة,,,,,,,,,,,,مبادرات تم صرف لها كمبات اسمنت وليست ضمن الموقف ولا يوجد لها مصفوفات معمدة
243,إب,الربع الثالث من العام 1446هـ,القفر,مسح وتوسعة وعمل جدران ساندة في طريق الهباري,,#N/A,"75,352,412.0","32,844,899.0","42,507,513.0",4,411,570,"2,417",0,0,0,0,0,0,"5,321,111","3,005",0,"3,005",0,0,0,"5,331","3,100","2,231",,,,,"1,472,500",تم صرف كمية من الديزل قبل أسبوع والعمل جاري في اعمال التوسعة,,,,,,,,,,,,
244,إب,الأولى,القفر,توسعة واستكمال رصف طريق قرية رادات,750,اعمال ترابية واعمال انشائية,"4,873,790.2","3,153,599.9","1,720,190.3",4,330,291,0,0,0,0,0,382,0,"4,994,061",134,134,0,0,0,0,548,0,548,قطع كمية (58) م3 صخري بكمبريشن الوحدة,"224,200","224,200",0,"571,860",مبادرة منجزة ويجب نزول فريق مشترك من إدارة الوحدة من الإدارات المعنية وفريق الوحدة بالمحافظة والسلطة المحلية والجهات المعنية لاغلاقها وتسليمها للجهات المعنية,#REF!,1,0,0,0,0,#REF!,0,#REF!,#REF!,,الأولى
245,إب,الأولى,القفر,استكمال رصف طريق (حيزان – ذي رقش – الشرف – الذرع – الركبة - الشعبة),7500,اعمال انشائية,"14,587,713.2","9,609,798.1","4,977,915.2",5,"2,870","1,800",25,"2,870",0,0,55,490,0,"8,494,263",463,270,193,0,0,0,"1,020",0,"1,020",0,0,0,0,"1,214,800",تسير الاعمال بشكل جيد حيث نشطت المبادرة مؤخرا,#REF!,0,0,0,0,0,#REF!,0,#REF!,#REF!,,الأولى
246,إب,الأولى,القفر,مشروع مسح وتوسعة  وشق طريق المقهاية - المظل - سمنان - الكوفدة,13450,اعمال ترابية,"5,999,024.9","3,744,712.7","2,254,312.2",0,0,0,0,0,0,0,0,0,0,0,0,0,0,0,0,0,"3,508",0,"3,508",0,0,0,0,0,يطالبون بمعدة الوحدة كتدخل مباشر بسبب الوضع المعيشي الصعب,#REF!,0,0,0,0,0,#REF!,0,#REF!,#REF!,,الأولى
247,إب,الثانية,المخادر,مسح وتوسعة ورصف طريق نعب البراحة,1000,اعمال ترابية واعمال انشائية,"18,000,694.0","14,682,555.8","3,318,138.2",4,312,0,0,254,0,0,26,"1,248",0,"16,110,056",483,483,0,0,0,0,458,0,458,0,0,0,0,"1,350,000",تم انجاز الاعمال ويجب اغلاقها مع العلم تم التحويل اليها 100 كيس من مبادرة رصف طريق العهاب النباهي المتعثرة,,,,,,,,,,,,الثانية
248,إب,الثانية,المخادر,مسح وتوسعة ورصف طريق اللميسي والكريف,600,اعمال ترابية واعمال انشائية,"14,599,113.4","11,529,511.9","3,069,601.5",5,458,0,0,458,0,0,102,816,0,"13,774,712",399,399,0,0,0,0,999,700,299,0,0,0,0,"1,232,500",مبادرة منجزة ويجب نزول فريق مشترك من إدارة الوحدة من الإدارات المعنية وفريق الوحدة بالمحافظة والسلطة المحلية والجهات المعنية لاغلاقها وتسليمها للجهات المعنية,,,,,,,,,,,,الثانية
249,إب,الثانية,المخادر,مسح وتوسعة ورصف طريق العهاب - النباهي,2000,اعمال ترابية واعمال انشائية,"6,276,775.0","4,880,956.3","1,395,818.7",0,0,0,0,0,0,0,0,0,0,0,168,0,168,0,0,0,446,0,446,0,0,0,0,0,تم سحب الكميات من الاسمنت عدد 100 كيس نظرا  لعدم قدرة الأهالي على بدء العمل  وصرفها لطريق  نعب البراحة ولزم اغلاقها,,,,,,,,,,,,الثانية
250,إب,الثانية,المخادر,مسح وتوسعة ورصف طريق الطنبي - حذة  - عزلة الصفي,4000,اعمال ترابية واعمال انشائية,"11,671,701.8","9,065,046.7","2,606,655.0",0,0,0,0,0,0,0,0,0,0,0,321,0,321,0,0,0,"1,028",0,"1,028",0,0,0,0,0,لم يتم تشكيل لجنة مجتمعية خلال النزول لصرف مساهمة الوحدة الدفعة الأولى ولم يتم موافاتنا من السلطة المحلية بوضع هذه المبادرات ونقترح النزول الميادني الى مواقع المبادرات لمعرفة فاعلية المجتمع والبت بمثل هكذا مبادرات,,,,,,,,,,,,الثانية
251,إب,الثانية,المخادر,مسح وتوسعة ورصف الرفد  - نبال  - عزلة الصفي,4000,اعمال ترابية,"897,365.9","496,229.0","401,136.9",0,0,0,0,0,0,0,0,0,0,0,0,0,0,0,0,0,450,0,450,0,0,0,0,0,من المبادرات التي لم يتم صرف مساهمة الوحدة لها  لعدم تشكيل لجان مجتمعية ولم نتمكن من معرفة وضعها حيث تم مخاطبة  السلطة المحلية بالمديرية  بمذكرة لافادتنا عن وضع المبادراة مالم سيتم اغلاقها وادراجها ضمن مشاريع المبادرات المجتمعية المتعثرة بالمديرية,,,,,,,,,,,,الثانية
252,إب,الثانية,المخادر,مسح وتوسعة طريق المقرنة - ذلبهول - عزلة الصفي,1500,اعمال ترابية,"1,120,468.9","636,950.5","483,518.3",0,0,0,0,0,0,0,0,0,0,0,0,0,0,0,0,0,602,0,602,0,0,0,0,0,من المبادرات التي لم يتم صرف مساهمة الوحدة لها  لعدم تشكيل لجان مجتمعية ولم نتمكن من معرفة وضعها حيث تم مخاطبة  السلطة المحلية بالمديرية  بمذكرة لافادتنا عن وضع المبادراة مالم سيتم اغلاقها وادراجها ضمن مشاريع المبادرات المجتمعية المتعثرة بالمديرية,,,,,,,,,,,,الثانية
253,إب,الثانية,المخادر,مسح وتوسعة طريق الرون - ذي ذين - عزلة الصفي,2000,اعمال ترابية,"945,765.8","528,385.9","417,379.9",0,0,0,0,0,0,0,0,0,0,0,0,0,0,0,0,0,480,0,480,0,0,0,0,0,من المبادرات التي لم يتم صرف مساهمة الوحدة لها  لعدم تشكيل لجان مجتمعية ولم نتمكن من معرفة وضعها حيث تم مخاطبة  السلطة المحلية بالمديرية  بمذكرة لافادتنا عن وضع المبادراة مالم سيتم اغلاقها وادراجها ضمن مشاريع المبادرات المجتمعية المتعثرة بالمديرية,,,,,,,,,,,,الثانية
254,إب,الربع الاول من العام 1446هـ,المخادر,شق وتوسعة ورصف حجري طريق الحرد والكناية المخادر,1000,اعمال ترابية واعمال انشائية,"24,312,723.0","4,684,054.6","19,628,668.4",4,176,0,0,0,0,0,0,880,0,"9,806,720",730,465,265,0,0,0,"2,149",786,"1,363",0,0,0,0,"1,603,350",العمل بطيئ حيث يتم العمل من فترة الى أخرى بسبب الوضع المادي لدى المجتمع,,,,,,,,,,,,الملحقة
255,إب,الربع الاول من العام 1446هـ,المخادر,رصف طريق هيوة,500,اعمال انشائية,"9,930,258.0","2,144,238.0","7,786,020.0",0,0,0,0,0,0,0,0,0,0,0,264,0,264,775,0,775,556,0,556,0,0,0,0,0,تم مخاطبة السلطة المحلية لافادتنا ونقترح النزول لمعرفة الوضع والبت بالموضوع,,,,,,,,,,,,الملحقة
256,إب,الربع الرابع من العام 1446هـ,المخادر,رصف طريق مارة,462,#N/A,"16,434,937.5","13,882,500.0","2,552,437.5",3,113,0,0,0,0,0,0,282,0,"3,409,380",506,170,336,0,0,0,0,0,0,,,,,"617,865",العمل متوقف لتجميع مساهمة الأهالي,,,,,,,,,,,,
257,إب,الربع الرابع من العام 1446هـ,المخادر,رصف طريق عفرفر الشرف,557,اعمال انشائية,"16,434,937.5","13,882,500.0","2,552,437.5",3,154,0,0,0,0,0,0,462,0,"5,585,580",425,249,176,0,0,0,0,0,0,0,0,0,0,"904,991",العمل متوقف لتجميع مساهمة الأهالي,,,,,,,,,,,,
258,إب,الربع الاول من العام 1446هـ,المخادر,رصف طريق طلعة الموطن - المالح,4000,اعمال انشائية,"33,415,569.0","28,160,000.0","5,255,569.0",5,145,0,0,0,0,0,0,725,0,"8,765,250",961,200,761,0,0,0,0,0,0,0,0,0,0,"900,000",العمل متوقف لتجميع مساهمة الأهالي,,,,,,,,,,,,الملحقة
259,إب,الربع الاول من العام 1446هـ,المخادر,رصف طريق دار الشرف,500,اعمال انشائية,"12,516,891.1","2,620,819.6","9,896,071.4",0,0,0,0,0,0,0,0,0,0,0,331,0,331,"1,007",0,"1,007",723,0,723,0,0,0,0,0,تم مخاطبة السلطة المحلية لافادتنا ونقترح النزول لمعرفة الوضع والبت بالموضوع,,,,,,,,,,,,الملحقة
260,إب,الربع الرابع من العام 1446هـ,المخادر,رصف طريق الحجرة,1290,اعمال انشائية,"21,496,452.0","18,403,007.0","3,093,445.0",3,139,0,0,0,0,0,0,417,0,"5,041,530",610,200,410,0,0,0,0,0,0,0,0,0,0,"726,900",العمل متوقف لتجميع مساهمة الأهالي,,,,,,,,,,,,
261,إب,الربع الثاني من العام 1446هـ,المخادر,جدار ساند حجري لطريق النزهه,1500,اعمال انشائية,"1,427,005.8","953,362.5","473,643.3",0,0,0,0,0,0,0,0,0,0,0,66,0,66,0,0,0,0,0,0,,,,,0,تم مخاطبة السلطة المحلية لافادتنا ونقترح النزول لمعرفة الوضع والبت بالموضوع,,,,,,,,,,,,
262,إب,الربع الرابع من العام 1446هـ,المخادر,استكمال رصف طريق اللميسي والكريف,1999,اعمال انشائية,"16,561,936.5","14,114,100.0","2,447,836.5",0,0,0,0,0,0,0,32,420,0,"5,710,200",478,250,228,0,0,0,0,0,0,0,0,0,0,87,العمل يجري بصورة جيدة,,,,,,,,,,,,
263,إب,الربع الرابع من العام 1446هـ,المخادر,رصف طريق وادي هتان,1850,اعمال انشائية,"11,204,196.0","9,391,020.0","1,813,176.0",3,86,0,0,0,0,0,0,258,0,"3,119,220",352,80,272,0,0,0,0,0,0,,,,,"290,760",بانتظار مساهمة الوحدة وسيتم الصرف لها من الدفعة القادمة,,,,#REF!,,,,,,,,
264,إب,الربع الرابع من العام 1446هـ,المخادر,رصف طريق عقبة الرجاد,14573,اعمال انشائية,"10,953,740.0","8,938,850.3","2,014,889.7",4,87,0,0,0,0,0,0,305,0,"3,681,405",350,100,250,0,0,0,849,0,849,,,,,"363,450",االعمل يجري بصورة جيدة,,,,,,,,,,,,
265,إب,الأولى,النادرة,مشروع عبارة سائلة الجبيب,5000,اعمال انشائية,"5,673,281.2","4,122,040.0","1,551,241.2",0,0,0,0,0,0,0,0,0,0,0,247,0,247,0,0,0,0,0,0,0,0,0,0,0,تم سحب الكميات المنصرفة لهم بسبب عدم تفاعل المجتمع وسيتم البت بها اثناء النزول اما بقابليتها للبدء بالعمل او استبدالها,#REF!,0,0,0,0,0,#REF!,0,#REF!,#REF!,,الأولى
266,إب,الربع الثالث من العام 1446هـ,النادرة,مسح وتوسعة ورصف طريق نقيل صالح - مرحلة ثانية,0,اعمال انشائية,-,-,-,4,250,0,0,0,0,0,0,"1,300",0,"14,298,000",933,600,333,0,0,0,0,0,0,0,0,0,0,"2,580,000",العمل جار بصورة جيدة ويطالبون بكميان من الاسمنت وقد تم الرفع بالخطة من ضرورة النزول للرفع بالدراسة للمشروع,,,,,,,,,,,,مبادرات تم صرف لها كمبات اسمنت وليست ضمن الموقف ولا يوجد لها مصفوفات معمدة
267,إب,الربع الثالث من العام 1446هـ,النادرة,مسح وتوسعة ورصف طريق العر المرحلة الثانية,0,اعمال انشائية,"19,333,083.8","13,354,811.1","5,978,272.6",4,165,0,0,0,0,0,83,578,0,"10,094,475","1,240",300,940,0,0,0,"1,106",300,806,0,0,0,0,"1,432,500",العمل يجر بصورة جيدة,,,,,,,,,,,,مبادرات تم صرف لها كمبات اسمنت وليست ضمن الموقف ولا يوجد لها مصفوفات معمدة
268,إب,الأولى,النادرة,مسح وتوسعة ورصف طريق ( الفجرة - العارضة),12000,اعمال ترابية واعمال انشائية,"83,859,550.1","68,666,288.9","15,193,261.2",4,"2,000",0,0,"1,912",0,0,59,"4,120",248,"65,905,108","2,237","2,237",0,0,0,0,"2,570","2,570",0,0,0,0,0,"13,012,600",تم انجاز الاعمال بصورة جيدة ولزم اغلاق المبادرة,#REF!,1,0,0,0,0,#REF!,0,#REF!,#REF!,,الأولى
269,إب,الثانية,النادرة,مسح وتوسعة رصف طريق نقيل صالح,6000,اعمال ترابية واعمال انشائية,"59,716,199.8","45,399,893.0","14,316,306.8",5,"2,000",0,"1,250","2,001",0,0,4,"1,296",454,"43,583,196","2,078","2,078",0,0,0,0,"4,079","2,000","2,079",0,0,0,0,"9,429,800",تم تنفيذ الاعمال بصورة جيدة ويجب اغلاقها وتسليمها للجهات المعنية,#REF!,1,0,0,0,0,#REF!,0,#REF!,#REF!,,الثانية
270,إب,الثانية,النادرة,مسح وتسوية ورصف طريق المنسامة شعب المريسي,3000,اعمال ترابية واعمال انشائية,"14,579,530.0","11,303,614.3","3,275,915.7",3,112,0,0,112,0,0,0,336,0,"4,082,848",441,200,241,0,0,0,998,300,698,0,0,0,0,"202,500",تم تنفيذ الاعمال بما يتناسب مع المنصرف من مساهمة الوحدة ولم يبادر المجتمع لاستكمال الاعمال المتبقية ليتم دعمهم بما يتبقى من مساهمة الوحدة وقد تم مخاطبة المجتمع والسلطة المحلية بذلك,#REF!,0,0,0,0,0,#REF!,0,#REF!,#REF!,,الثانية
271,إب,الثانية,النادرة,شق ومسح وتوسعة طريق ضوس -قمره -مشرعة -الشرنمة العليا,1000,اعمال ترابية واعمال انشائية,"15,170,715.4","12,274,234.5","2,896,480.9",4,17,0,0,0,0,0,90,45,0,"3,805,636",340,150,190,0,0,0,"4,294","1,000","3,294",0,0,0,0,"1,084,000",تم تنفيذ الاعمال الانشائية جيدا بما يتناسب مع المنصرف من الاسمنت لم يفيد الأهالي بمصير الديزل المسلم اليهم ، ولم يبادر الأهالي لاستكمال الاعمال وقد تم الرفع للسلطة المحلية بذلك ،وقد تم عمل الاوامر التغييرية كالتالي إضافة بنود غير معتمده في الدراسه كبنود جديده  وهي                ربارب,#REF!,0,0,0,0,0,#REF!,0,#REF!,#REF!,,الثانية
272,إب,الثانية,النادرة,رصف طريق نمران النوبة,4000,اعمال انشائية,"21,876,376.0","18,039,200.0","3,837,176.0",4,392,0,0,0,0,0,46,"1,463",0,"19,423,920",610,610,0,0,0,0,0,0,0,0,0,0,0,"2,491,000",تم انجاز الاعمال بصورة جيدة ولزم اغلاق المبادرة,#REF!,0,0,0,0,0,#REF!,0,#REF!,#REF!,,الثانية
273,إب,الأولى,النادرة,رصف طريق نقيل العوهل طريق عمار,9000,اعمال انشائية,"11,758,641.0","9,626,156.3","2,132,484.7",3,236,0,0,0,0,0,0,157,45,"4,220,496",328,328,0,0,0,0,0,0,0,0,0,0,0,"1,425,980","تم تنفيذ الاعمال بصورة جيدة وتعتبر مبادرة منجزة، وقد تم عمل الاوامر التغييرية كالتالي حذف الكميات المعتمده والغير منفذه للبنود                 رصف حجري مع مونة اسمنتية
     حذف البنود المعتمده والغير منفذه وهي               مباني حجر (جدران ساندة)
ربارب       إضافة بنود غير معتمده في الدراسه كبنود جديده  وهي                     خرسانة عادية يجب المراجعه للضروره للحصول على المصفوفه المعدله",#REF!,1,0,0,0,0,#REF!,0,#REF!,#REF!,,الأولى
274,إب,الثانية,النادرة,رصف طريق قرية المنجدة ذي الدرب,2500,اعمال انشائية,"15,241,425.0","11,439,769.2","3,801,655.8",4,782,0,0,0,0,0,0,"3,287",0,"39,739,830",553,553,0,0,0,0,890,400,490,0,0,0,0,"2,185,950",مبادرة منجزة ويجب نزول فريق مشترك من إدارة الوحدة من الإدارات المعنية وفريق الوحدة بالمحافظة والسلطة المحلية والجهات المعنية لاغلاقها وتسليمها للجهات المعنية,#REF!,1,0,0,0,0,#REF!,0,#REF!,#REF!,,الثانية
275,إب,الثانية,النادرة,رصف طريق غول علي مهدي و نقيل القوز,5000,اعمال انشائية,"36,205,066.5","28,865,376.9","7,339,689.6",3,560,0,0,0,0,0,0,"2,240",0,"27,081,600","1,013",796,217,0,0,0,"2,138",600,"1,538",0,0,0,0,"3,532,600",تم تنفيذ الاعمال بما يتناسب مع المنصرف من مساهمة الوحدة ولم يبادر المجتمع لاستكمال الاعمال المتبقية ليتم دعمهم بما يتبقى من مساهمة الوحدة وقد تم مخاطبة المجتمع والسلطة المحلية بذلك,#REF!,0,0,0,0,0,#REF!,0,#REF!,#REF!,,الثانية
276,إب,الثانية,النادرة,رصف طريق عقبة ثعالب قرية المقاسمه بيت الوعيل,1500,اعمال انشائية,"23,512,261.1","19,087,438.0","4,424,823.1",5,86,0,0,0,0,0,13,0,50,"3,464,820",718,258,460,0,0,0,0,0,0,0,0,0,0,"1,047,480",تم تنفيذ الاعمال جيدا بما يتناسب مع المنصرف من الاسمنت ويم يبادر الاهالي باستكمال الاعمال المتبقية بحسب الدراسة ، وقد تم النزول للمبادرة الا ان المجتمع غير متجاوب وبناء على الاعمال المنفذة فقد تم عمل الاوامر التغييرية كالتالي اعمال اضافيه حيث تم تنفيذ كميات زائدة عن المعتمده للبنود                  خرسانة مسلحة  إضافة بنود غير معتمده في الدراسه كبنود جديده  وهي                   رصف خرساني عمش,#REF!,0,0,0,1,1,#REF!,0,#REF!,#REF!,,الثانية
277,إب,الثانية,النادرة,رصف طريق عذان ذياح,2000,اعمال انشائية,"61,297,257.0","50,769,400.0","10,527,857.0",3,49,0,0,0,0,0,0,0,17,"861,952","1,719",100,"1,619",0,0,0,0,0,0,0,0,0,0,"477,000",تم صرف 500 كيس  للمبادرة بامر صرف رقم 340546 وقد قام المجتمع بتنفيذ الاعمال ب100 كيس فقط ونظرا لعدم استكمال الاعمال واعتذار الأهالي فقد تم تحويل 400 كيس من المنصرف الى مبادرة رصف طريق ذي عرمان,#REF!,0,0,0,0,0,#REF!,0,#REF!,#REF!,,الثانية
278,إب,الأولى,النادرة,رصف طريق شعب المريسي,12000,اعمال انشائية,"13,228,160.1","10,872,873.9","2,355,286.2",4,316,0,0,0,0,0,87,951,0,"14,745,090",364,364,0,0,0,0,0,0,0,0,0,0,0,"1,582,490",مبادرة منجزة ويجب نزول فريق مشترك من إدارة الوحدة من الإدارات المعنية وفريق الوحدة بالمحافظة والسلطة المحلية والجهات المعنية لاغلاقها وتسليمها للجهات المعنية,#REF!,1,0,0,0,0,#REF!,0,#REF!,#REF!,,الأولى
279,إب,الربع الثالث من العام 1446هـ,النادرة,رصف طريق ذي عرمان,0,اعمال انشائية,"20,206,975.0","14,358,372.0","5,848,603.0",4,111,0,0,0,0,0,6,0,109,"7,746,767","1,345",600,745,0,0,0,0,0,0,0,0,0,0,"60,000",يتم تنفيذ الاعمال بصورة جيدةوبوتيرة بطيئة,,,,,,,,,,,,مبادرات تم صرف لها كمبات اسمنت وليست ضمن الموقف ولا يوجد لها مصفوفات معمدة
280,إب,الثانية,النادرة,رصف طريق تمور دادة,1000,اعمال انشائية,"16,716,591.0","13,261,123.1","3,455,467.9",3,141,0,0,0,0,0,0,207,46,"4,885,430",466,342,124,0,0,0,982,300,682,0,0,0,0,"1,536,700",تم تنفيذ الاعمال بما يتناسب مع المنصرف من مساهمة الوحدة ولم يبادر المجتمع لاستكمال الاعمال المتبقية ليتم دعمهم بما يتبقى من مساهمة الوحدة وقد تم مخاطبة المجتمع والسلطة المحلية بذلك,#REF!,0,0,0,0,0,#REF!,0,#REF!,#REF!,,الثانية
281,إب,الأولى,النادرة,رصف طريق بيت الجشوبي ظلم,30000,اعمال انشائية,"10,180,574.7","8,334,053.1","1,846,521.6",5,161,0,0,0,0,0,5,621,0,"7,704,765",280,280,0,0,0,0,640,320,320,0,0,0,0,"1,361,300",مبادرة منجزة ويجب نزول فريق مشترك من إدارة الوحدة من الإدارات المعنية وفريق الوحدة بالمحافظة والسلطة المحلية والجهات المعنية لاغلاقها وتسليمها للجهات المعنية,#REF!,0,0,0,0,0,#REF!,0,#REF!,#REF!,,الأولى
282,إب,الثانية,النادرة,رصف طريق العر,1500,اعمال انشائية,"16,436,946.0","12,985,584.6","3,451,361.4",3,401,0,0,0,0,0,25,"1,246",0,"16,005,025",468,468,0,0,0,0,965,260,705,0,0,0,0,"2,034,300",مبادرة منجزة ويجب نزول فريق مشترك من إدارة الوحدة من الإدارات المعنية وفريق الوحدة بالمحافظة والسلطة المحلية والجهات المعنية لاغلاقها وتسليمها للجهات المعنية,#REF!,0,0,0,0,0,#REF!,0,#REF!,#REF!,,الثانية
283,إب,الثانية,النادرة,رصف طريق الجبيب حبان,6000,اعمال انشائية,"33,403,209.0","27,607,800.0","5,795,409.0",4,58,0,0,0,0,0,0,0,54,"2,797,200",935,324,611,0,0,0,0,0,0,0,0,0,0,"1,363,180",تم تنفيذ الاعمال جيدا بما يتناسب مع المنصرف من الاسمنت تم عمل الاوامر التغييرية كالتالي إضافة بنود غير معتمده في الدراسه كبنود جديده  وهي                     خرسانة عادية,#REF!,0,0,0,0,0,#REF!,0,#REF!,#REF!,,الثانية
284,إب,الأولى,النادرة,رصف طريق اكراي مفرق العود,8000,اعمال انشائية,"14,233,826.2","11,709,248.8","2,524,577.5",4,308,0,0,0,0,0,7,"1,078",0,"13,310,520",392,392,0,0,0,0,0,0,0,0,0,0,0,"1,704,220",تم انجاز الاعمال بصورة جيدة ولزم اغلاق المبادرة,#REF!,0,0,0,0,0,#REF!,0,#REF!,#REF!,,الأولى
285,إب,الربع الثالث من العام 1446هـ,النادرة,رصف العقاب الوعرة بطريق القبلي - البديع - ظهرة البديع - ظهرة المشعب - نشمان,1300,اعمال انشائية,"98,745,348.1","83,698,870.0","15,046,478.1",4,70,0,0,0,0,0,6,260,0,"3,368,400","3,005",200,"2,805",0,0,0,0,0,0,0,0,0,0,"860,000",بحسب الكميات المنفذة يتبقى لدى الأهالي 100 كيسا من الاسمنت ولم نلاقي أي تجاوب من المجتمع وقد مخاطبة السلطة المحلية بذلك,,,,,,,,,,,,مبادرات تم صرف لها كمبات اسمنت وليست ضمن الموقف ولا يوجد لها مصفوفات معمدة
286,إب,الأولى,النادرة,توسعة ورصف طريق الشاهر وباب السد,30000,اعمال ترابية واعمال انشائية,"41,362,165.6","33,896,192.4","7,465,973.3",4,598,"2,136",0,0,0,0,0,968,68,"22,350,450",782,782,0,0,0,0,"4,000","3,000","1,000",0,0,0,0,"4,716,095",تم انجاز الاعمال الترابية ولم تستكمل الاعمال الانشائية ويتبقى لدى الأهالي كمية من الاسمنت ولم نجد تجاوب من قبل المجتمع وقد تم مخاطبة السلطة المحلية بذلك,#REF!,0,0,0,0,0,#REF!,0,#REF!,#REF!,,الأولى
287,إب,الثانية,النادرة,استكمال رصف الطريق الرابط بين الشعر والعود,10000,اعمال ترابية واعمال انشائية,"91,794,462.0","72,205,145.0","19,589,317.0",4,"1,700",0,0,"1,700",0,0,120,"1,754",277,"45,133,159","2,720","2,720",0,0,0,0,"6,331","1,500","4,831",0,0,0,0,"11,833,500","مبادرة منجزة مقارنه بمساهمه الوحده من الاسمنت تم تنفيذ الاعمال جيدا بما يتناسب مع المنصرف من الديزل تم عمل الاوامر التغييرية كالتالي إضافة بنود غير معتمده في الدراسه كبنود جديده  وهي               مباني حجر (جدران ساندة)
    خرسانة مسلحة  يجب المراجعه للضروره للحصول على المصفوفه المعدله",#REF!,0,0,0,0,0,#REF!,0,#REF!,#REF!,,الثانية
288,إب,الربع الثالث من العام 1446هـ,النادرة,استكمال رصف طريق قرية المنجدة - ذي الدرب,900,اعمال انشائية,"91,098,847.8","77,246,351.0","13,852,496.8",4,135,0,0,0,0,0,167,971,0,"15,954,610","2,662",500,"2,162",0,0,0,802,0,802,0,0,0,0,"2,150,000",العمل يجري بوتيرة منخفضة,,,,,,,,,,,,مبادرات تم صرف لها كمبات اسمنت وليست ضمن الموقف ولا يوجد لها مصفوفات معمدة
289,إب,الربع الثالث من العام 1446هـ,النادرة,توسعة ورصف طريق طنب الجبل العود - الشرنمة العليا,2540,#N/A,"116,626,647.3","92,756,418.1","23,870,229.2",4,"3,230",0,"2,057","3,230",0,0,362,"5,623",0,"83,487,885","3,180","3,180",0,0,0,0,"8,856","8,847",9,,,,,"10,586,150",تم انجاز الاعمال ويجب اغلاق المبادرة,,,,,,,,,,,,
290,إب,الربع الاول من العام 1446هـ,النادرة,اصلاح عبارة بالطريق الاسفلتي بقرية جرف النمر,3000,#N/A,"1,017,290.7","428,055.9","589,234.8",4,14,0,0,0,0,0,0,0,11,"772,800",87,87,0,0,0,0,0,0,0,,,,,"356,700",المبادرة منجزة بحسب المتابعة الظاهرية للجنة المجتمعية,,P,,,,,,1,,,,
291,إب,الربع الاول من العام 1446هـ,النادرة,انشاء جسر فاطمة الزهراء للمشاه,3250,#N/A,"5,749,524.0","3,985,293.0","1,764,231.0",3,50,0,0,0,0,0,6,0,51,"5,240,135",300,300,0,0,0,0,0,0,0,,,,,"60,000",تم التحويل له 300 كيس من مبادرة رصف طريق حفزان مديرية السدة,,,,,,,,,,,,
292,أيلول,الربع الاول من العام 1446هـ,النادرة,مسح وتوسعة ورصف طريق ( بيت القهمي - بيت الميسري - مونية ) المرحلة الاولى,3251,#N/A,-,-,-,0,0,0,0,0,0,0,0,0,0,0,"2,871",0,"2,871",0,0,0,"6,668",0,"6,668",,,,,0,0%,,,,,,,,,,,,
293,تشرين الأول,الربع الاول من العام 1446هـ,النادرة,انشاء جسر الحقلية,3252,#N/A,-,-,-,0,0,0,0,0,0,0,0,0,0,0,"3,095",0,"3,095",0,0,0,"1,719",0,"1,719",,,,,0,0%,,,,,,,,,,,,
294,إب,الثانية,بعدان,مشروع جسر عدن اشعر الرابط بين مديرية بعدان ومديرية السبرة,5000,اعمال ترابية واعمال انشائية,"40,143,954.0","17,798,462.6","22,345,491.4",4,32,0,879,0,172,0,0,0,651,"47,018,620","3,201","3,301",-100,0,0,0,446,446,0,0,0,0,0,"12,839,500",منجز وقد تم اغلاق المبادرة,,,,,,,,,,,,الثانية
295,إب,الثانية,بعدان,مسح ورصف طريق الصيرات,2000,اعمال ترابية واعمال انشائية,"28,721,417.5","23,391,894.5","5,329,523.1",4,639,0,0,639,0,0,107,"2,357",0,"28,874,791",859,859,-1,0,0,0,101,101,0,0,0,0,0,"3,372,670",المبادرة منجزة وبحاجة الى اغلاق المشروع,,,,,,,,,,,,الثانية
296,إب,الثانية,بعدان,رصف وتعبيد طريق الشعوب نادب,20000,اعمال ترابية واعمال انشائية,"50,655,164.4","24,058,143.1","26,597,021.3",5,885,0,0,0,0,0,130,439,508,"43,158,040","4,405","3,875",530,0,0,0,995,995,0,0,0,0,0,"12,311,300",العمل مستمر ونقترح صرف الاسمنت المتبقي لهم حيث يعتبر المشروع شبة منجز,,,,,,,,,,,,الثانية
297,إب,الثانية,بعدان,رصف عقبة الحديدة - سوق الاحد,1500,اعمال انشائية,"6,800,601.8","3,197,526.0","3,603,075.8",4,252,0,0,0,0,0,0,0,166,"11,476,080",651,651,0,0,0,0,0,0,0,0,0,0,0,"2,652,300",المبادرة منجزة وقد تم اغلاقها ويطالبون بمرحلة جديدة من الدعم,,,,,,,,,,,,
298,إب,الربع الاول من العام 1446هـ,بعدان,رصف طريق ممسى العدن بني منصور,2500,اعمال انشائية,"159,596,132.0","131,258,581.0","28,337,551.0",4,"3,904",0,"8,170",0,184,0,338,"6,000",0,"92,517,070","5,350","3,850","1,500",0,0,0,0,"6,000","-6,000",0,0,0,0,"14,400,000",الاعمال مستمرةويطالبون بكمية الاسمنت المتبقية .,,,,,,,,,,,,الملحقة
299,إب,الربع الثاني من العام 1446هـ,بعدان,رصف طريق قرية مرار,4081,اعمال انشائية,"16,665,709.0","14,456,306.5","2,209,402.5",4,26,0,0,0,0,0,0,127,0,"1,422,960",472,150,322,0,0,0,0,0,0,0,0,0,0,"530,175",العمل يجري بشكل بطيئ,,,,,,,,,,,,موجودات ضمن تقرير الموقف ولا يوجد مصفوفات معمدة
300,إب,الربع الثاني من العام 1446هـ,بعدان,رصف طريق قرية تهوف,900,#N/A,"20,735,254.5","18,519,904.5","2,215,350.0",4,341,0,0,0,0,0,0,"1,347",0,"15,555,495","1,234",484,750,0,0,0,0,0,0,,,,,"1,710,698",العمل يجري بصورة جيدة,,,,,,,,,,,,
301,إب,الربع الثاني من العام 1446هـ,بعدان,رصف طريق قرية بيت حمادي,1810,اعمال انشائية,"14,940,150.0","12,953,476.0","1,986,674.0",4,60,0,0,0,0,0,0,0,48,"3,312,000",429,279,150,0,0,0,0,0,0,0,0,0,0,"986,126",العمل ممتاز الا انهم قاموا بتنفيذ اعمال خرسانية بدل الحجري,,,,,,,,,,,,موجودات ضمن تقرير الموقف ولا يوجد مصفوفات معمدة
302,إب,الربع الثاني من العام 1446هـ,بعدان,رصف طريق قرية المناوب,3259,اعمال انشائية,"13,220,874.0","1,986,674.0","11,234,200.0",5,66,948,0,0,0,0,23,246,0,"4,976,206",382,182,200,0,0,0,0,0,0,0,0,0,0,"643,279",العمل يجري بصورة جيدة,,,,,,,,,,,,موجودات ضمن تقرير الموقف ولا يوجد مصفوفات معمدة
303,إب,الربع الاول من العام 1446هـ,بعدان,رصف طريق قرية العماهي,2965,اعمال انشائية,"13,375,567.1","8,200,050.0","5,175,517.1",5,324,0,0,0,0,0,144,0,215,"20,221,200","1,093",450,643,0,0,0,0,0,0,0,0,0,0,"1,658,025",المبادرة منجزة ويطالبون بما تبقى من مساهمة كونهم استلفوا كمية من الاسمنت بسبب ان أعمالهم صبيات ولا يحتمل تجزئة العمل,,,,,,,,,,,,الملحقة
304,إب,الربع الثاني من العام 1446هـ,بعدان,رصف طريق قرية الجبائب,2126,اعمال انشائية,"13,757,452.5","8,313,363.1","5,444,089.5",4,99,0,0,0,0,0,140,396,0,"10,037,640",437,187,250,0,0,0,0,0,0,0,0,0,0,"660,952",العمل بالمبادرة مستمر وبصورة ممتازة,,,,,,,,,,,,موجودات ضمن تقرير الموقف ولا يوجد مصفوفات معمدة
305,إب,الثانية,بعدان,رصف طريق طلعة قرية الخرابة,1000,اعمال انشائية,"3,143,148.0","2,481,600.0","661,548.0",3,84,0,0,0,0,0,0,316,0,"3,711,756",84,84,0,0,0,0,0,0,0,0,0,0,0,"361,200",المبادرة منجزة وقد تم اغلاقها,,,,,,,,,,,,
306,إب,الثانية,بعدان,رصف طريق طلعة الظهرة - الحرث,1300,اعمال انشائية,"21,890,796.0","4,583,596.0","17,307,200.0",4,600,0,0,0,0,0,0,"1,872",0,"21,024,280",584,584,0,0,0,0,0,0,0,0,0,0,0,"2,339,200",منجز وقد تم اغلاق المبادرة,,,,,,,,,,,,
307,إب,الربع الثاني من العام 1446هـ,بعدان,رصف طريق رهوان العليا,3377,اعمال انشائية,"4,247,047.9","1,818,038.9","2,429,009.0",4,60,0,0,0,0,0,0,276,0,"3,166,560",107,107,0,0,0,0,0,0,0,0,0,0,0,"378,192",العمل يجري بشكل جيد,,,,,,,,,,,,موجودات ضمن تقرير الموقف ولا يوجد مصفوفات معمدة
308,إب,الثانية,بعدان,رصف طريق ذي الرخام,4000,اعمال انشائية,"2,795,584.8","2,195,160.0","600,424.8",3,82,0,0,0,0,0,0,287,0,"3,353,472",74,74,0,0,0,0,0,0,0,0,0,0,0,"318,200",المبادرة منجزة وقد تم اغلاقها,,,,,,,,,,,,
309,إب,الثانية,بعدان,رصف طريق دار القاضي - دار النمش,1500,اعمال انشائية,"12,568,853.1","10,315,020.0","2,253,833.1",3,195,0,0,0,0,0,0,"1,074",0,"12,655,978",348,348,0,0,0,0,0,0,0,0,0,0,0,"1,409,400",المبادرة منجزة وقد تم اغلاقها,,,,,,,,,,,,
310,إب,الربع الثاني من العام 1446هـ,بعدان,رصف طريق بيت القطيني,2880,اعمال انشائية,"35,613,951.6","18,239,259.3","17,374,692.2",6,"1,700",0,"4,240","1,700",0,0,0,0,0,"4,551,840","1,239",600,639,0,0,0,0,0,0,0,0,0,0,"2,120,700",بحاجة الى اعتماد كمية من الديزل  كون المجتمع يقوم حاليا بالاعمال الترابية وقد تم الرفع بطلب من السلطة المحلية والجمعية بذلك ، ومن ثم سيستأنف الاعمال الانشائية,,,,,,,,,,,,موجودات ضمن تقرير الموقف ولا يوجد مصفوفات معمدة
311,إب,الثانية,بعدان,رصف طريق بيت العابلي,3000,اعمال انشائية,"6,326,775.0","5,130,000.0","1,196,775.0",3,235,0,0,0,0,0,10,810,0,"9,678,042",173,173,-1,0,0,0,0,0,0,0,0,0,0,"743,650",المبادرة منجزة وقد تم اغلاقها,,,,,,,,,,,,
312,إب,الربع الثاني من العام 1446هـ,بعدان,رصف طريق المزور,101,اعمال انشائية,"10,508,255.7","4,004,829.1","6,503,426.6",4,150,0,0,0,0,0,0,120,54,"5,176,800",770,300,470,0,0,0,0,0,0,0,0,0,0,"1,060,350",العمل يجري بشكل جيد,,,,,,,,,,,,موجودات ضمن تقرير الموقف ولا يوجد مصفوفات معمدة
313,إب,الربع الثاني من العام 1446هـ,بعدان,رصف طريق العين دار الخزاعي المرحلة الثانية,8097,اعمال ترابية واعمال انشائية,"45,554,929.8","39,276,235.0","6,278,694.8",4,"3,000",4,"3,000",0,0,0,"1,350",0,"2,400","218,786,120","3,698","1,650","2,048",0,0,0,"2,856",800,"2,056",0,0,0,0,"6,129,425",العمل جار بالمبادرة بتنفيذ الربارب,,,,,,,,,,,,موجودات ضمن تقرير الموقف ولا يوجد مصفوفات معمدة
314,إب,الثانية,بعدان,رصف طريق العين - دارالخزاعي,5000,اعمال ترابية واعمال انشائية,"53,152,007.3","26,899,082.9","26,252,924.4",4,"5,500",0,"2,243","5,500",0,0,0,"1,268","1,304","108,696,099","4,560","4,560",0,0,0,0,"3,463","3,463",0,0,0,0,0,"19,390,500",العمل ممتاز وتم انجاز المرحلة الأولى حيث وقد ساهم الأهالي بنسبة كبيرة ومازال العمل في المبادرة مستمر وقد تم اعتماد دعم المبادرة  كمرحلة ثانية,,,,,,,,,,,,
315,إب,الربع الثاني من العام 1446هـ,بعدان,رصف طريق السراح,3680,اعمال انشائية,"26,393,977.6","25,711,967.2","682,010.4",4,500,0,0,0,0,0,0,"2,000",0,"24,180,000","1,470",570,900,0,0,0,0,0,0,0,0,0,0,"2,014,665",العمل يجري بشكل جيد,,,,,,,,,,,,موجودات ضمن تقرير الموقف ولا يوجد مصفوفات معمدة
316,إب,الربع الثاني من العام 1446هـ,بعدان,رصف خرساني مع الحمايه مركز سوق نجد العقماء,44090,اعمال انشائية,"48,180,215.0","44,798,909.3","3,381,305.7",0,0,0,0,0,0,0,0,0,0,0,"4,276",0,"4,276",0,0,0,0,0,0,0,0,0,0,0,بانتظار صرف كميات من الاسمنت,,,,,,,,,,,,موجودات ضمن تقرير الموقف ولا يوجد مصفوفات معمدة
317,إب,الثانية,بعدان,رصف حجري وبناء عبارة لطريق الوادي,7000,اعمال ترابية واعمال انشائية,"10,606,282.1","7,489,154.5","3,117,127.6",4,17,0,72,17,3,0,27,0,97,"7,024,005",479,479,0,0,0,0,529,529,0,0,0,0,0,"2,054,200",مبادرة منجزة وتم تنفيذ الاعمال الخرسانية والجدران الساندة بعد الاعمال الترابية ويكالبون بمرحلة ثانية لاعمال اجنحة الجصر مع العلم انه تم تحويلها من عبارة الى جسرخرساني,,,,,,,,,,,,الثانية
318,إب,الربع الثاني من العام 1446هـ,بعدان,توسعة ورصف طريق تيثد,256,اعمال ترابية واعمال انشائية,"14,768,286.2","11,473,772.9","3,294,513.3",4,"1,011",0,0,0,0,0,22,0,809,"56,626,200",617,617,0,0,0,0,741,741,0,0,0,0,0,"2,563,612",تم الصرف لها مؤخرا وفد تم الإنجاز ويطالبون ببقية مساهمة الوحدة ويطالبون باعتماد مرحلة ثانية,,,,,,,,,,,,موجودات ضمن تقرير الموقف ولا يوجد مصفوفات معمدة
319,إب,الثانية,بعدان,توسعة ورصف خرساني طريق معزبة السناحي,3000,اعمال ترابية واعمال انشائية,"33,266,141.6","16,903,274.0","16,362,867.6",4,767,0,267,400,0,0,181,"1,376",345,"47,366,038","2,792","2,792",0,0,0,0,"2,572","2,572",0,0,0,0,0,"11,367,400",تم انجاز الاعمال ويجب اغلاقها,,,,,,,,,,,,الثانية
320,إب,الربع الثاني من العام 1446هـ,بعدان,استكمال رصف طريق مسوره - عصيمه - المنزل,315,اعمال انشائية,"18,632,519.8","12,862,030.2","5,770,489.6",4,120,0,0,0,0,0,0,0,118,"8,114,400","1,470",270,"1,200",0,0,0,0,0,0,0,0,0,0,"954,315",العمل جار بالمبادرة,,,,,,,,,,,,موجودات ضمن تقرير الموقف ولا يوجد مصفوفات معمدة
321,إب,الربع الثاني من العام 1446هـ,بعدان,رصف طريق ذي حيفان الجبجب,1190,اعمال انشائية,"23,552,084.0","20,132,196.0","3,419,888.0",4,80,0,0,0,0,0,28,364,10,"6,037,110",680,226,454,0,0,0,0,0,0,,,,,"787,497",تم الصرف مؤخرا والعمل جاري بصورة جيدة,,,,,,,,,,,,
322,إب,الثانية,بعدان,استكمال رصف طريق عميق,5000,اعمال ترابية واعمال انشائية,"27,844,319.0","15,804,509.5","12,039,809.5",5,594,0,0,0,0,0,0,65,479,"33,543,200","2,097","2,097",-1,0,0,0,"1,193","1,193",0,0,0,0,0,"6,270,000",المبادرة منجزة ويطالبون بمرحلة جديدة من الدعم,,,,,,,,,,,,الثانية
323,أيلول,الربع الثاني من العام 1446هـ,بعدان,مسح ورصف طريق(منزل جليميد-المقروض-عقرة),,#N/A,-,-,-,0,0,0,0,0,0,0,0,0,0,0,"4,225",0,"4,225",0,0,0,180,0,180,,,,,0,0%,,,,,,,,,,,,
324,تشرين الأول,الربع الثاني من العام 1446هـ,بعدان,مسح ورصف طريق (الرباط-القاع-الفجاجي),,#N/A,-,-,-,0,0,0,0,0,0,0,0,0,0,0,"4,110",0,"4,110",0,0,0,"8,735",0,"8,735",,,,,0,0%,,,,,,,,,,,,
325,إب,الثانية,جبلة,رصف طريق الكدف - حجر كومرة,2780,اعمال انشائية,"8,157,780.3","6,526,109.6","1,631,670.6",4,65,0,0,0,0,0,0,227,0,"2,744,430",206,206,0,0,0,0,424,424,0,0,0,0,0,"963,300",قيد التنفيذ,#REF!,0,0,0,1,1,#REF!,0,#REF!,#REF!,,الثانية
326,إب,الربع الأول من العام 1446هـ,جبلة,رصف طريق الشرف الزواحل -ممسى رحب,1700,#N/A,"75,604,678.0","59,329,600.0","16,275,078.0",5,470,0,0,0,0,0,151,"2,006",0,"28,633,210","2,142","1,450",692,0,0,0,0,0,0,,,,,"4,277,500",هناك كميات متبقية لدى المبادرة وقد تم عمل محضر بذلك مع اللجنة المجتمعية والسلطة المحلية على ان يتم استئناف الاعمال او تسليم مساهمة الوحدة المتبقية,,,,,,,,,,,,
327,إب,الربع الأول من العام 1446هـ,جبلة,رصف طريق  الديم - ممسى رحب,900,,"49,683,956.0","38,502,600.0","11,181,356.0",4,475,0,0,0,0,0,150,"1,206",0,"19,259,540","1,475","1,432",43,0,0,0,0,0,0,,,,,"4,224,400",هناك كميات متبقية لدى المبادرة وقد تم عمل محضر بذلك مع اللجنة المجتمعية والسلطة المحلية على ان يتم استئناف الاعمال او تسليم مساهمة الوحدة المتبقية,,,,,,,,,,,,
328,إب,الأولى,جبلة,رصف طريق طلعة رون فحل,600,,"21,513,216.8","17,159,368.3","4,353,848.5",5,100,0,0,0,0,0,25,560,0,"7,424,100",715,560,155,0,0,0,0,0,0,0,0,0,0,"2,502,480",تم اغلاقها بحسب الرفع من السلطة المحلية بالمديرية,,,,,,,,,,,,
329,إب,الأولى,جبلة,رصف طريق شريان,2350,,"44,489,569.8","36,200,757.1","8,288,812.7",4,618,0,0,0,0,0,92,"2,472",0,"33,336,480","1,369","1,177",192,0,0,0,0,0,0,0,0,0,0,"5,267,391",تم اغلاقها بحسب الرفع من السلطة المحلية بالمديرية,,,,,,,,,,,,
330,إب,الأولى,جبلة,رصف طريق المسيجي التالقة,1600,,"22,781,988.6","18,818,435.5","3,963,553.1",5,266,0,0,0,0,0,0,"1,293",0,"15,632,370",630,465,165,0,0,0,0,0,0,0,0,0,0,"2,084,095",تم اغلاقها بحسب الرفع من السلطة المحلية بالمديرية,,,,,,,,,,,,
331,إب,الأولى,جبلة,رصف طريق الكدف,2000,,"22,781,988.6","18,818,435.5","3,963,553.1",5,275,0,0,0,0,0,0,"1,404",0,"16,968,315",630,630,0,0,0,0,0,0,0,0,0,0,0,"2,805,290",مبادرة منجزة ويطالب الاهالي باعتماد المرحلة الثانية من مسار المشروع,,,,,,,,,,,,
332,إب,الأولى,جبلة,رصف طريق العكاز والعرمة,4500,اعمال ترابية واعمال انشائية,"19,746,216.2","15,853,786.8","3,892,429.4",4,300,0,180,0,0,0,65,900,0,"13,528,400",600,450,150,0,0,0,308,0,308,0,0,0,0,"2,017,350",تم اغلاقها بحسب الرفع من السلطة المحلية بالمديرية,#REF!,0,0,0,0,0,#REF!,0,#REF!,#REF!,,الأولى
333,إب,الأولى,جبلة,رصف الطريق الرابط بين جبل رعوي والمربض العدين,4000,اعمال انشائية,"9,318,632.9","7,621,466.4","1,697,166.5",4,135,0,0,0,0,0,59,578,0,"9,194,475",255,255,0,0,0,0,0,0,0,0,0,0,0,"1,142,665",تم اغلاقها بحسب الرفع من السلطة المحلية بالمديرية,,,,,,,,,,,,
334,إب,الأولى,جبلة,استكمال رصف طريق عقبة المدحي عقبة الأسد,800,اعمال انشائية,"2,668,665.4","2,090,937.3","577,728.1",4,45,0,0,0,0,0,10,180,0,"2,560,950",70,70,0,0,0,0,0,0,0,0,0,0,0,"312,810",تم اغلاقها بحسب الرفع من السلطة المحلية بالمديرية,,,,,,,,,,,,
335,إب,الربع الثاني من العام 1446هـ,جبلة,مسح وتوسعة وشق طريق انم,,#N/A,"23,798,672.0","19,362,087.0","4,436,585.0",5,897,0,"1,488",897,0,0,0,0,0,"2,369,358",724,0,724,0,0,0,"1,687","1,000",687,,,,,"475,000",تم البدء بالاعمال مؤخرا,,,,,,,,,,,,
336,إب,الثانية,جبلة,صبيات خرسانية مسلحة بطريق السرايم شبان عزلة المكتب,52000,اعمال انشائية,"15,161,826.6","7,220,220.0","7,941,606.6",0,0,0,0,0,0,0,0,0,0,0,"1,470",0,"1,470",828,0,828,0,0,0,0,0,0,0,0,من المبادرات التي لم يتم صرف مساهمة الوحدة لها  لعدم تشكيل لجان مجتمعية ولم نتمكن من معرفة وضعها حيث تم مخاطبة  السلطة المحلية بالمديرية  بمذكرة لافادتنا عن وضع المبادراة مالم سيتم اغلاقها وادراجها ضمن مشاريع المبادرات المجتمعية المتعثرة بالمديرية,#REF!,0,0,0,0,0,#REF!,0,#REF!,#REF!,,الثانية
337,إب,الثانية,جبلة,شق وتسوية ورصف حجري لطريق حليين ووقير عزلة جبل رعويين,2340,اعمال ترابية واعمال انشائية,"29,046,019.4","23,532,883.2","5,513,136.1",4,106,0,0,0,0,0,0,544,0,"6,009,360",834,274,560,0,0,0,"2,074",826,"1,248",0,0,0,0,"1,399,200",العمل يجري بصورة بطيئة بسبب عدم قدرة الأهالي على توفير مساهمتهم,#REF!,0,0,0,1,1,#REF!,0,#REF!,#REF!,,الثانية
338,إب,الربع الثاني من العام 1446هـ,جبلة,رصف طريق جحب المنسامة,0,اعمال انشائية,"24,256,706.0","20,712,650.0","3,544,056.0",4,180,0,0,0,0,0,0,720,0,"8,704,800",707,290,417,0,0,0,0,0,0,0,0,0,0,"1,054,005",تم الصرف مؤخرا وهي الان قيد التنفيذ,,,,,,,,,,,,مبادرات تم صرف لها كمبات اسمنت وليست ضمن الموقف ولا يوجد لها مصفوفات معمدة
339,إب,الثانية,جبلة,رصف طريق العدانة - أذان,5000,اعمال انشائية,"34,014,936.3","27,999,233.1","6,015,703.2",4,542,0,0,0,0,0,0,"2,168",0,"26,211,120",800,800,0,0,0,0,"1,747",300,"1,447",0,0,0,0,"3,135,000",مبادرة منجزة ويجب نزول فريق مشترك من إدارة الوحدة من الإدارات المعنية وفريق الوحدة بالمحافظة والسلطة المحلية والجهات المعنية لاغلاقها وتسليمها للجهات المعنية,,,,,,,,,,,,
340,إب,الثانية,جبلة,رصف خرساني مسلح لطريق الفجرة الصلولة عزلة وراف,3000,,"5,728,649.9","2,681,796.0","3,046,853.9",4,105,0,0,0,0,0,0,580,61,"11,221,200",546,546,0,0,0,0,0,0,0,0,0,0,0,"2,047,500",المبادرة منجزة,,,,,,,,,,,,
341,إب,الربع الثاني من العام 1446هـ,جبلة,رصف خرساني للشارع العام منطقة الصال,0,اعمال انشائية,"79,926,467.8","46,137,188.4","33,789,279.4",7,905,0,0,0,0,0,"1,150","5,875",0,"114,153,750","6,568",700,"5,868",0,0,0,839,0,839,0,0,0,0,"2,544,150",مبادرة نشطة، حاليا قيد التنفيذ ويطالبون بكمية من الاسمنت كون المجتمع قد استخدم اكثر من المنصرف عن طريق السلفة من احد التجار,,,,,,,,,,,,مبادرات تم صرف لها كمبات اسمنت وليست ضمن الموقف ولا يوجد لها مصفوفات معمدة
342,إب,الثانية,جبلة,رصف خرساني طريق المنزاعة عزلة الاصابح,38450,اعمال انشائية,"8,730,115.2","4,125,840.0","4,604,275.2",3,50,0,0,0,0,0,0,150,0,"1,813,500",840,300,540,0,0,0,0,0,0,0,0,0,0,"1,125,000",متوقف بسسب التتساقطات الترابية والصخرية حيث وقد سبق مسح الطريق اكثر من مرة ولم تحل المشكلة ويطالب الأهالي بمعدة لفتح ومسح الطريق,#REF!,0,0,0,0,0,#REF!,0,#REF!,#REF!,,الثانية
343,إب,الربع الثاني من العام 1446هـ,جبلة,رصف خرساني طريق الصناع والمنازلة,0,اعمال انشائية,"13,358,879.6","7,243,236.0","6,115,643.6",4,216,0,0,0,0,0,0,907,0,"10,968,048","1,187","1,050",137,0,0,0,0,0,0,0,0,0,0,"3,816,225",العمل يجري بصورة جيدة,,,,,,,,,,,,مبادرات تم صرف لها كمبات اسمنت وليست ضمن الموقف ولا يوجد لها مصفوفات معمدة
344,إب,الربع الثاني من العام 1446هـ,جبلة,رصف حجري وخرساني لمقاطع طريق المحفان الثوابي,0,اعمال انشائية,"9,533,601.7","7,606,624.0","1,926,977.7",4,250,0,0,0,0,0,0,"1,000",0,"12,090,000",319,319,0,0,0,0,0,0,0,0,0,0,0,"1,159,406",تم انجاز الاعمال بشكل  ممتاز وباشراف هندسي,,,,,,,,,,,,مبادرات تم صرف لها كمبات اسمنت وليست ضمن الموقف ولا يوجد لها مصفوفات معمدة
345,إب,الربع الثاني من العام 1446هـ,جبلة,رصف حجري وخرساني لطريق قرى مزياد المحجر التمرة الجبوبة,0,اعمال انشائية,"24,769,617.7","16,574,985.0","8,194,632.7",0,0,0,0,0,0,0,0,0,0,0,"1,558",250,"1,308",0,0,0,0,0,0,0,0,0,0,"908,625",لم يتم البدء بالعمل بسبب عدم تفاعل المجتمع وقد تم مخاطبة المديرية بذلك الا انهم أفادوا بتحويلهم الكميات لمبادرات أخرى غير معتمدة لدينا ولم يتم اسقاطها من هنا لعدم توفر معلومات عن المبادرة التي تم التحويل اليها وسيتم حل هذا اثناء النزول ضمن المسار التنفيذي الثاني,,,,,,,,,,,,مبادرات تم صرف لها كمبات اسمنت وليست ضمن الموقف ولا يوجد لها مصفوفات معمدة
346,إب,الربع الثاني من العام 1446هـ,جبلة,رصف حجري للمقاطع الوعرة لطريق القرامعة,0,اعمال انشائية,"9,449,529.0","7,807,000.0","1,642,529.0",4,65,0,0,0,0,0,0,260,0,"3,143,400",259,159,100,0,0,0,0,0,0,0,0,0,0,"577,886",العمل يجري بصورة جيدة,,,,,,,,,,,,مبادرات تم صرف لها كمبات اسمنت وليست ضمن الموقف ولا يوجد لها مصفوفات معمدة
347,إب,الربع الثاني من العام 1446هـ,جبلة,رصف حجري لطلعة المجباية الوسطى والعليا,0,اعمال انشائية,"10,203,180.0","8,440,000.0","1,763,180.0",4,70,0,0,0,0,0,0,245,0,"2,962,050",280,220,60,0,0,0,0,0,0,0,0,0,0,"799,590",العمل يجري بصورة جيدة,,,,,,,,,,,,مبادرات تم صرف لها كمبات اسمنت وليست ضمن الموقف ولا يوجد لها مصفوفات معمدة
348,إب,الربع الثاني من العام 1446هـ,جبلة,رصف حجري لطريق قرية الشمسية خط الربادي شبان,0,اعمال انشائية,"9,509,634.7","7,859,950.0","1,649,684.7",4,175,0,0,0,0,0,0,613,0,"7,405,125",260,280,-20,0,0,0,0,0,0,0,0,0,0,"1,017,660",العمل جيد وبانتظار مزيد من الدعم حسب الأهالي,,,,,,,,,,,,مبادرات تم صرف لها كمبات اسمنت وليست ضمن الموقف ولا يوجد لها مصفوفات معمدة
349,إب,الربع الثاني من العام 1446هـ,جبلة,رصف حجري لطريق ذي عقيب عبار,0,اعمال انشائية,"43,026,447.5","36,011,920.0","7,014,527.5",4,97,0,0,0,0,0,0,388,0,"4,690,920","1,194",350,844,0,0,0,0,0,0,0,0,0,0,"1,272,075",العمل متوقف لاسباب غير معروفة نتيجة لعدم تجاوب اللجنة,,,,,,,,,,,,مبادرات تم صرف لها كمبات اسمنت وليست ضمن الموقف ولا يوجد لها مصفوفات معمدة
350,إب,الربع الاول من العام 1446هـ,جبلة,رصف حجري لطريق جرن العدن رحب,0,اعمال انشائية,"23,970,160.0","20,020,000.0","3,950,160.0",4,340,0,0,0,0,0,55,"1,610",5,"20,892,900",660,660,0,828,0,828,0,0,0,0,0,0,0,"1,947,000",تم انجاز الاعمال ويجب اغلاقها,,,,,,,,,,,,موجودات ضمن تقرير الموقف ولا يوجد مصفوفات معمدة
351,إب,الثانية,جبلة,رصف حجري طريق قري خطرة والمردع عزلة المعشار,,#N/A,"18,982,982.4","15,075,803.1","3,907,179.3",0,0,0,0,0,0,0,0,0,0,0,529,0,529,0,0,0,"1,117",0,"1,117",,,,,0,من المبادرات التي لم يتم صرف مساهمة الوحدة لها  لعدم تشكيل لجان مجتمعية ولم نتمكن من معرفة وضعها حيث تم مخاطبة  السلطة المحلية بالمديرية  بمذكرة لافادتنا عن وضع المبادراة مالم سيتم اغلاقها وادراجها ضمن مشاريع المبادرات المجتمعية المتعثرة بالمديرية,#REF!,0,0,0,0,0,#REF!,0,#REF!,#REF!,,
352,إب,الربع الثاني من العام 1446هـ,جبلة,رصف حجري طريق سهمان النجد,0,اعمال انشائية,"7,190,945.0","5,915,000.0","1,275,945.0",4,85,0,0,0,0,0,0,340,0,"4,110,600",195,120,75,0,0,0,0,0,0,0,0,0,0,"436,140",تم تنفيذ الاعمال بحسب المنصرف,,,,,,,,,,,,مبادرات تم صرف لها كمبات اسمنت وليست ضمن الموقف ولا يوجد لها مصفوفات معمدة
353,إب,الربع الاول من العام 1446هـ,جبلة,رصف حجري طريق المشجنة رحب,0,اعمال انشائية,"24,511,425.0","20,475,000.0","4,036,425.0",5,220,0,0,0,0,0,29,"1,360",0,"16,820,400",675,675,0,0,0,0,0,0,0,0,0,0,0,"1,991,250",منجزة الا انه تم استخدام الاسمنت باهدار نتيجة لعدم انتظام الأحجار وكبر سماكتها حيث تم تعبئة الفراغات بخرسانة,,,,,,,,,,,,موجودات ضمن تقرير الموقف ولا يوجد مصفوفات معمدة
354,إب,الثانية,جبلة,توسعة وتسوية ورصف حجري للطريق الرابط بين عزلتي جبل رعويين وعزلة الشهلي,35000,اعمال انشائية,"36,254,135.7","28,897,970.8","7,356,164.9",0,0,0,0,0,0,0,0,0,0,0,"1,010",300,710,0,0,0,"2,204",917,"1,287",0,0,0,0,"1,537,650",لم يتم البدء بالعمل بسبب ان المنطقة وعرة وبحاجة الى معدة لمسح الطريق قبل الرصف ولم يتمكن الأهالي من توفير معدة وقد تم الرفع سابقا من قبل السلطة المحلية بدعمها بمعدة وحاليا تبحث السلطة المحلية عن شريك للتدخل بالدعم بمعدة للمسح، لم توافق المديرية بسحب الكمية وقالت بانها محتفظة بها الى حين توفير معدة كون المنطقة ذات احتياج شديد,#REF!,0,0,0,0,0,#REF!,0,#REF!,#REF!,,الثانية
355,إب,الثانية,جبلة,تسوية ورصف عقبة طريق قرية المعشة عزلة انامر أعلا,1200,,"12,488,008.4","8,960,049.2","3,527,959.2",5,218,0,0,0,0,0,17,"1,292",0,"14,352,534",545,545,0,0,0,0,578,578,0,0,0,0,0,"2,249,350",المبادرة منجزة,,,,,,,,,,,,
356,إب,الثانية,جبلة,تسوية ورصف خرساني مسلح لعقبة المشاعبة عزلة المعشار,2850,اعمال انشائية,"7,014,992.2","3,300,672.0","3,714,320.2",4,75,0,0,0,0,0,0,0,45,"3,105,000",672,350,322,0,0,0,0,0,0,0,0,0,0,"1,312,500",العمل متوقف بالمبادرة ونقترح النزول للرفع للتقييم الفعلي ومعرفة أسباب التوقف,#REF!,0,0,0,0,0,#REF!,0,#REF!,#REF!,,الثانية
357,إب,الثانية,جبلة,تسوية ورصف خرساني مسلح لطريق قرية الجحاف ومقطع طريق نقيل الأحروف الربادي,5342,اعمال انشائية,"9,301,822.9","4,400,896.0","4,900,926.9",4,184,0,0,0,0,0,0,121,86,"7,383,090",896,400,496,0,0,0,0,0,0,0,0,0,0,"1,500,000",اعمال الرصف الخرساني والحجري تم تنفيذها بشكل جيد استكمال صرف مساهمة الوحدة من مادة الاسمنت بعد التأكد من الإنجاز بالكمية السابقة,#REF!,0,0,0,0,0,#REF!,0,#REF!,#REF!,,الثانية
358,إب,الثانية,جبلة,تسوية ورصف خرساني مسلح لطريق جبلة الاسلاف الزبية عدة مقاطع,3400,,"14,426,433.4","8,503,072.9","5,923,360.5",4,360,0,0,0,0,0,0,0,259,"17,884,800","1,039","1,039",0,0,0,0,314,314,0,0,0,0,0,"4,037,550",تم انجاز الاعماال,,,,,,,,,,,,
359,إب,الثانية,جبلة,تسوية ورصف خرساني مسلح لطريق الخورات المصيار عزلة الثوابي,3280,اعمال انشائية,"10,516,701.7","4,985,390.0","5,531,311.7",0,0,0,0,0,0,0,0,0,0,0,"1,015",0,"1,015",0,0,0,0,0,0,0,0,0,0,0,يطالبون بمعدة الوحدة كتدخل مباشر بسبب الوضع المعيشي الصعب,#REF!,0,0,0,0,0,#REF!,0,#REF!,#REF!,,الثانية
360,إب,الثانية,جبلة,تسوية ورصف خرساني مسلح طريق الوقش - جبلة,3500,اعمال انشائية,"9,730,603.6","4,607,188.0","5,123,415.6",4,86,0,0,0,0,0,10,205,38,"5,475,450",938,500,438,0,0,0,0,0,0,0,0,0,0,"1,875,000",متوقف دون معرفة الأسباب بسبب عدم تجاوب اللجنةويجب النزول لمعرفة الأسباب,#REF!,0,0,0,0,0,#REF!,0,#REF!,#REF!,,الثانية
361,إب,الثانية,جبلة,تسوية ورصف حجري لطريق صرمة جبل رعوييين,5200,اعمال انشائية,"14,025,334.9","11,528,580.0","2,496,754.9",3,90,0,0,0,0,0,0,270,0,"3,264,300",388,150,238,0,0,0,851,0,851,0,0,0,0,"562,500",العمل يجري بصورة بطيئة بسبب عدم قدرة الأهالي على توفير مساهمتهم,#REF!,0,0,0,1,1,#REF!,0,#REF!,#REF!,,الثانية
362,إب,الثانية,جبلة,تسوية ورصف حجري لطريق جبل الماء في الخط الرئيسي لعزل الاصابح الشراعي الثوابي,38450,اعمال انشائية,"19,435,888.9","15,546,514.2","3,889,374.6",0,0,0,0,0,0,0,0,0,0,0,531,0,531,0,0,0,"1,159",0,"1,159",0,0,0,0,0,يطالبون بمعدة الوحدة كتدخل مباشر بسبب الوضع المعيشي الصعب,#REF!,0,0,0,0,0,#REF!,0,#REF!,#REF!,,الثانية
363,إب,الثانية,جبلة,تسوية ورصف حجري لطريق السروة - عزلة الربادي,3870,اعمال انشائية,"17,846,686.4","14,163,072.3","3,683,614.1",4,253,0,0,0,0,0,0,327,143,"15,256,420",495,495,0,0,0,0,"1,077",459,618,0,0,0,0,"2,062,800",منجزة مقارنة بالكميات المنصرفة ويجب النزول للرفع بتقرير انجاز وعمل محضر تغيير بنود واغلاق المبادرة وتسليمها للجهات المعنية,#REF!,0,0,0,0,0,#REF!,0,#REF!,#REF!,,الثانية
364,إب,الثانية,جبلة,تسوية ورصف حجري طريق الرشاحي عزلة وراف,1270,#N/A,"6,779,336.4","5,304,449.2","1,474,887.2",4,117,0,0,0,0,0,0,535,0,"6,151,240",186,186,0,0,0,0,393,0,393,,,,,"697,500",العمل يجري بصورة بطيئة بسبب عدم قدرة الأهالي على توفير مساهمتهم,#REF!,0,1,0,0,1,#REF!,0,#REF!,#REF!,,
365,إب,الربع الاول من العام 1446هـ,جبلة,رفع وتنظيف المخلفات في جسر المستشفئ القديم,,#N/A,-,-,-,0,0,0,0,0,0,0,0,0,0,0,0,0,0,0,0,0,"2,842",0,"2,842",,,,,0,0%,,,,,,,,,,,,
366,إب,الربع الاول من العام 1446هـ,جبلة,عبارة مجرى للسيول (جسر عبور السيارات) في منطقة المشاعبة ميتم,,#N/A,-,-,-,0,0,0,0,0,0,0,0,0,0,0,"1,480",0,"1,480",0,0,0,0,0,0,,,,,0,0%,,,,,,,,,,,,
367,إب,الربع الثاني من العام 1446هـ,جبلة,بناء جدران ساندة لطريق وجسر جامعة جبلة الجديد,0,اعمال انشائية,"9,346,323.1","6,957,162.9","2,389,160.2",2,35,0,0,0,0,0,263,0,0,"9,843,750",436,390,46,0,0,0,622,300,322,0,0,0,0,"1,559,955",تم تنفيذ الاعمال ويجب النزول لتقييمها واغلاقها,,,,,,,,,,,,مبادرات تم صرف لها كمبات اسمنت وليست ضمن الموقف ولا يوجد لها مصفوفات معمدة
368,إب,الثانية,جبلة,استكمال رصف طريق وادي عبر وحجابة,2800,#N/A,"8,111,564.2","6,369,983.8","1,741,580.3",4,260,0,0,0,0,0,58,"1,093",0,"15,134,930",442,442,0,0,0,0,483,483,0,,,,,"1,874,850",المبادرة منجزة,#REF!,1,0,0,0,0,#REF!,0,#REF!,#REF!,,
369,إب,الربع الثاني من العام 1446هـ,جبلة,استكمال رصف طريق مدرسة وادي عبر وترميم الجدران والارصفة,0,اعمال انشائية,"4,219,078.0","1,223,341.8","2,995,736.2",4,70,0,0,0,0,0,0,245,0,"2,962,050",250,80,170,0,0,0,0,0,0,0,0,0,0,"290,760",تم الصرف مؤخرا,,,,,,,,,,,,مبادرات تم صرف لها كمبات اسمنت وليست ضمن الموقف ولا يوجد لها مصفوفات معمدة
370,إب,الثانية,جبلة,استكمال توسعة ورصف طريق قرية المصيار المرحلة اولى,500,اعمال ترابية واعمال انشائية,"17,968,218.1","11,256,535.4","6,711,682.7",4,"1,173",0,0,"1,000",0,0,0,692,0,"8,550,280","1,092",600,492,"1,600",0,"1,600","1,157",699,458,0,0,0,0,"2,564,550",بحاجة الى محضر إضافة بنود (رصف خرساني),#REF!,0,0,0,0,0,#REF!,0,#REF!,#REF!,,الثانية
371,إب,الملحقة,حبيش,مسح وتوسعة الخط الرئيسي الرابط بين قحزة والناحية,7000,اعمال ترابية,"3,100,484.4","1,856,894.2","1,243,590.2",0,0,0,0,0,0,0,0,0,0,0,0,0,0,0,0,0,"2,007",0,"2,007",0,0,0,0,0,لم يتم تشكيل لجنة مجتمعية خلال النزول لصرف مساهمة الوحدة الدفعة الأولى ولم يتم موافاتنا من السلطة المحلية بوضع هذه المبادرات ونقترح النزول الميادني الى مواقع المبادرات لمعرفة فاعلية المجتمع والبت بمثل هكذا مبادرات,,,,,,,,,,,,الملحقة
372,إب,الربع الثاني من العام 1446هـ,حبيش,شق وتوسعة ورصف طريق (العضادي -ذي دومان ),500,اعمال ترابية واعمال انشائية,"35,530,898.1","28,695,008.2","6,835,890.0",4,74,0,0,0,0,0,5,385,3,"4,907,900","1,044",200,844,0,0,0,"2,320",500,"1,820",0,0,0,0,"827,500",العمل يجري بصورة جيدة بناء على حالة المجتمع,,,,,,,,,,,,موجودات ضمن تقرير الموقف ولا يوجد مصفوفات معمدة
373,إب,الربع الرابع من العام 1446هـ,حبيش,شق وتوسعة طريق الجراجر والحريقة,0,اعمال انشائية,"61,565,464.1","52,544,695.3","9,020,768.9",5,"2,500","6,030",543,"2,500",0,0,132,0,0,"13,831,090","1,696",200,"1,496",0,0,0,"1,268","1,336",-68,0,0,0,0,"1,224,600",متوقف بعد تنفيذ جزء كبير من الاعمال الترابية وتنفيذ جدران ساندة,,,,,,,,,,,,
374,إب,الربع الثاني من العام 1446هـ,حبيش,شق طريق المحواشة مرحلة اولى,734,اعمال ترابية,"12,456,015.6","7,759,625.2","4,696,390.3",4,430,0,837,430,0,0,0,0,0,"1,558,960",0,0,0,0,0,0,"8,367","2,918","5,449",0,0,0,0,"1,386,050",لم يتم البدء بالعمل بحجة تجميع مساهمة الأهالي,,,,,,,,,,,,موجودات ضمن تقرير الموقف ولا يوجد مصفوفات معمدة
375,إب,الربع الثاني من العام 1446هـ,حبيش,شق  ورصف طريق (مروحة -  شرف بيت العيوي ),1115,اعمال انشائية,"12,367,230.6","10,006,813.7","2,360,416.9",4,5,0,0,0,0,0,0,191,0,"2,304,354",343,70,273,0,0,0,749,300,449,0,0,0,0,"349,000",متوقف دون معرفة الأسباب بسبب عدم تجاوب اللجنةويجب النزول لمعرفة الأسباب,,,,,,,,,,,,موجودات ضمن تقرير الموقف ولا يوجد مصفوفات معمدة
376,إب,الثانية,حبيش,رصف وشق طريق انادب,2500,اعمال انشائية,"8,622,336.0","5,811,196.3","2,811,139.7",4,100,0,0,0,0,0,12,360,0,"4,802,400",238,238,0,0,0,0,502,200,302,0,0,0,0,"1,081,270",العمل متوقف حاليا ويتعذر الأهالي باستكمال الاسمنت المنصرف لهم ويطالبون بصرف الكمية المتبقية لهم كما يوجد أعمال إضافية (جدران ساندة)، بحاجة الى محضر إضافة بنود,,,,,,,,,,,,الثانية
377,إب,الثانية,حبيش,رصف وتسوية عقبة عسيق وساحين,5000,اعمال انشائية,"12,607,200.0","8,545,876.9","4,061,323.1",4,429,0,0,0,0,0,44,"1,549",0,"20,377,410",350,350,0,0,0,0,738,738,0,0,0,0,0,"1,746,350",يعتبرالمشروع منجز ويحتاج الى محضر اغلاق,,,,,,,,,,,,الثانية
378,إب,الثانية,حبيش,رصف وتسوية عقبة الجيهر الوطئة,2500,اعمال ترابية واعمال انشائية,"6,832,845.7","5,487,330.7","1,345,514.9",4,233,0,0,0,0,0,0,717,0,"8,668,530",175,145,30,0,0,0,243,243,0,0,0,0,0,"830,475",المبادرة منجزة,,,,,,,,,,,,الثانية
379,إب,الثانية,حبيش,رصف وتسوية طريق عدن بني شبيب,3000,اعمال انشائية,"20,385,368.6","16,806,120.0","3,579,248.6",3,70,0,0,0,0,0,0,210,0,"2,538,900",567,320,247,0,0,0,0,0,0,0,0,0,0,"706,400",لايوجد أي تقدم في الإنجاز والمبادرة متوقفة,,,,,,,,,,,,الثانية
380,إب,الربع الثاني من العام 1446هـ,حبيش,رصف نقيل سيف بني شبيب,1547,اعمال ترابية واعمال انشائية,"5,592,052.0","3,763,228.8","1,828,823.2",3,85,0,0,0,0,0,0,255,0,"3,082,950",348,100,248,0,0,0,396,180,216,0,0,0,0,"380,500",لم يتم الصرف للمبادرة,,,,,,,,,,,,موجودات ضمن تقرير الموقف ولا يوجد مصفوفات معمدة
381,إب,الربع الثاني من العام 1446هـ,حبيش,رصف طريق وادي السحي الناحية,1212,اعمال انشائية,"3,596,966.0","2,490,240.0","1,106,726.0",4,180,0,0,0,0,0,18,660,0,"8,654,400",224,100,124,0,0,0,0,0,0,0,0,0,0,"295,000",متوقف دون معرفة الأسباب بسبب عدم تجاوب اللجنةويجب النزول لمعرفة الأسباب,,,,,,,,,,,,موجودات ضمن تقرير الموقف ولا يوجد مصفوفات معمدة
382,إب,الثانية,حبيش,رصف طريق هجامه - الشعب,7000,اعمال انشائية,"12,984,509.6","8,533,858.5","4,450,651.1",4,240,0,0,0,0,0,40,960,0,"13,106,400",416,316,100,0,0,0,759,379,380,0,0,0,0,"1,862,190",مبادرة منجزة ويجب نزول فريق مشترك من إدارة الوحدة من الإدارات المعنية وفريق الوحدة بالمحافظة والسلطة المحلية والجهات المعنية لصرف ماتبقى للمبادرة من مساهمة الوحدة واغلاقها وتسليمها للجهات المعنية,,,,,,,,,,,,الثانية
383,إب,الثانية,حبيش,رصف طريق نوعان,5500,اعمال انشائية,"3,989,931.6","2,632,130.1","1,357,801.5",3,70,0,0,0,0,0,0,210,0,"2,538,900",108,108,0,0,0,0,227,227,0,0,0,0,0,"551,970",المبادرة متوقفة حاليا بحجة قطع وتجهيز الأحجار لاستكمال  عملية الرصف معا العلم انهم قد استلموا كمية الاسمنت المعتمدة كاملة,,,,,,,,,,,,الثانية
384,إب,الربع الثالث من العام 1446هـ,حبيش,رصف طريق نقيل جبل الخضراء مروحة نقيل العقاب (مرحلة ثانية),6000,#N/A,-,-,-,0,0,0,0,0,0,0,0,0,0,0,500,500,0,0,0,0,0,0,0,,,,,"1,475,000",متوقف دون معرفة الأسباب بسبب عدم تجاوب اللجنةويجب النزول لمعرفة الأسباب,,,,,,,,,,,,
385,إب,الربع الثاني من العام 1446هـ,حبيش,رصف طريق نقيل العقاب,7800,اعمال انشائية,"51,227,047.4","43,060,500.0","8,166,547.4",4,483,0,0,0,0,0,0,"1,932",0,"23,357,880","1,517",550,967,0,0,0,0,0,0,0,0,0,0,"1,622,500",العمل يجري بصورة جيدة,,,,,,,,,,,,موجودات ضمن تقرير الموقف ولا يوجد مصفوفات معمدة
386,إب,الملحقة,حبيش,رصف طريق نقيل الطاقة,2500,اعمال انشائية,"22,914,822.0","15,129,512.7","7,785,309.3",4,246,0,0,0,0,0,24,886,0,"11,611,740",740,740,-1,0,0,0,"1,346",546,800,0,0,0,0,"3,364,800",العمل موقف بشكل مؤقت بسبب الامطار والسيول حيث يتم تجهيز جسم الطريق لاستكمال باقي الرصف الحجري ومتبقي لديهم 200كيس,,,,,,,,,,,,الملحقة
387,إب,الثانية,حبيش,رصف طريق نجد المسيبح,4000,اعمال انشائية,"27,831,012.0","23,090,400.0","4,740,612.0",4,65,0,0,0,0,0,0,228,0,"2,750,475",756,480,276,0,0,0,0,0,0,0,0,0,0,"1,035,600",المبادرة متوقفة وبحاجة الى محضر التزام بمباشرة العمل مالم يتم توريد الكمية,,,,,,,,,,,,الثانية
388,إب,الربع الثاني من العام 1446هـ,حبيش,رصف طريق منزل حنظل,915,اعمال انشائية,"14,300,520.0","11,590,903.8","2,709,616.2",4,90,0,0,0,0,0,0,360,0,"3,926,700",398,100,298,0,0,0,868,250,618,0,0,0,0,"413,750",العمل يجري ببطئ,,,,,,,,,,,,موجودات ضمن تقرير الموقف ولا يوجد مصفوفات معمدة
389,إب,الربع الرابع من العام 1446هـ,حبيش,رصف طريق مجحص ومقطارة,0,اعمال انشائية,"47,684,370.2","40,700,200.0","6,984,170.2",4,95,0,0,0,0,0,0,380,0,"4,594,200","1,433",150,"1,283",0,0,0,0,0,0,0,0,0,0,"442,500",متوقف دون معرفة الأسباب بسبب عدم تجاوب اللجنةويجب النزول لمعرفة الأسباب,,,,,,,,,,,,
390,إب,الملحقة,حبيش,رصف طريق عميقة -الذراع - النظاري,3000,اعمال انشائية,"20,576,928.0","14,015,238.2","6,561,689.8",4,350,0,0,0,0,0,0,"1,400",0,"16,926,000",574,298,276,0,0,0,"1,211",500,711,0,0,0,0,"1,481,070",المبادرة متوقف حيث يحجة نفاذ كمية الاسمنت ونقترح صرف الكمية المتبقية من الاسمنت لاستكمال اعمال الرصف,,,,,,,,,,,,الملحقة
391,إب,الملحقة,حبيش,رصف طريق عقبة فضاي,5000,اعمال انشائية,"16,062,824.3","10,917,357.8","5,145,466.5",4,430,0,0,0,0,0,0,"1,720",0,"20,794,800",447,348,99,0,0,0,943,443,500,0,0,0,0,"1,666,170",مبادرة منجزة ويجب نزول فريق مشترك من إدارة الوحدة من الإدارات المعنية وفريق الوحدة بالمحافظة والسلطة المحلية والجهات المعنية لصرف ماتبقى للمبادرة من مساهمة الوحدة واغلاقها وتسليمها للجهات المعنية,,,,,,,,,,,,الملحقة
392,إب,الربع الثاني من العام 1446هـ,حبيش,رصف طريق طلعة كوبع عزلة بني شبيب,925,اعمال انشائية,"1,964,613.8","1,231,776.0","732,837.8",0,0,0,0,0,0,0,0,0,0,0,138,0,138,0,0,0,0,0,0,0,0,0,0,0,لم يتم تشكيل لجنة مجتمعية خلال النزول لصرف مساهمة الوحدة الدفعة الأولى ولم يتم موافاتنا من السلطة المحلية بوضع هذه المبادرات ونقترح النزول الميادني الى مواقع المبادرات لمعرفة فاعلية المجتمع والبت بمثل هكذا مبادرات,,,,,,,,,,,,موجودات ضمن تقرير الموقف ولا يوجد مصفوفات معمدة
393,إب,الربع الرابع من العام 1446هـ,حبيش,رصف طريق طريق المعاقيب ملكان وادي المعقاب,0,اعمال انشائية,"15,427,134.0","13,007,600.0","2,419,534.0",0,0,0,0,0,0,0,0,0,0,0,479,150,329,0,0,0,0,0,0,0,0,0,0,"442,500",متوقف دون معرفة الأسباب بسبب عدم تجاوب اللجنةويجب النزول لمعرفة الأسباب,,,,,,,,,,,,
394,إب,الملحقة,حبيش,رصف طريق رأس الذائبة - الضبب,2000,اعمال انشائية,"13,354,362.0","9,058,629.5","4,295,732.5",4,238,0,0,0,0,0,0,909,0,"10,989,810",371,321,50,0,0,0,783,0,783,0,0,0,0,"1,353,015",يعتبرالمشروع منجز ويحتاج الى محضر اغلاق,,,,,,,,,,,,الملحقة
395,إب,الملحقة,حبيش,رصف طريق حجفات الجيرة,4000,اعمال انشائية,"10,116,660.0","6,836,701.5","3,279,958.5",4,304,0,0,0,0,0,0,"1,064",0,"12,863,760",280,180,100,0,0,0,591,0,591,0,0,0,0,"758,700",متوقف دون معرفة الأسباب بسبب عدم تجاوب اللجنةويجب النزول لمعرفة الأسباب,,,,,,,,,,,,الملحقة
396,إب,الملحقة,حبيش,رصف طريق المكافسة,2500,اعمال انشائية,"6,380,850.0","4,272,938.5","2,107,911.5",5,118,0,0,0,0,0,0,544,0,"6,576,960",175,145,30,0,0,0,369,0,369,0,0,0,0,"611,175",مبادرة منجزة ويجب نزول فريق مشترك من إدارة الوحدة من الإدارات المعنية وفريق الوحدة بالمحافظة والسلطة المحلية والجهات المعنية لاغلاقها وتسليمها للجهات المعنية,,,,,,,,,,,,الملحقة
397,إب,الثانية,حبيش,رصف طريق المقداحة,6000,اعمال انشائية,"29,542,872.0","20,168,269.5","9,374,602.5",4,186,0,0,0,0,0,0,782,0,"9,456,798",826,300,526,0,0,0,"1,743",880,863,0,0,0,0,"1,630,500",المبادرة متوقفة ولا يوجد تقدم في الاعمال ويحتاج صرف اسمنت,,,,,,,,,,,,الثانية
398,إب,الربع الرابع من العام 1446هـ,حبيش,رصف طريق المغاليق,,#N/A,"9,095,930.0","7,824,000.0","1,271,930.0",0,0,0,0,0,0,0,0,0,0,0,265,120,145,0,0,0,0,0,0,,,,,"354,000",متوقف دون معرفة الأسباب بسبب عدم تجاوب اللجنةويجب النزول لمعرفة الأسباب,,,,,,,,,,,,
399,إب,الربع الثاني من العام 1446هـ,حبيش,رصف طريق المعشار بني شبيب,2546,اعمال انشائية,"3,841,405.6","2,507,920.0","1,333,485.6",0,0,0,0,0,0,0,0,0,0,0,282,0,282,0,0,0,0,0,0,0,0,0,0,0,بحاجة الى معدة لمسح جسم الطريق,,,,,,,,,,,,موجودات ضمن تقرير الموقف ولا يوجد مصفوفات معمدة
400,إب,الربع الثاني من العام 1446هـ,حبيش,رصف طريق الكدف عزلة الناحية,1150,اعمال ترابية واعمال انشائية,"14,743,690.7","9,223,703.2","5,519,987.5",4,264,0,0,0,0,0,0,924,0,"11,171,160","1,015",300,715,0,0,0,516,200,316,0,0,0,0,"980,000",العمل يجري بصورة جيدة,,,,,,,,,,,,موجودات ضمن تقرير الموقف ولا يوجد مصفوفات معمدة
401,إب,الملحقة,حبيش,رصف طريق الضباري,3000,اعمال انشائية,"14,702,220.0","9,938,763.3","4,763,456.7",3,310,0,0,0,0,0,0,930,0,"11,243,700",418,418,0,0,0,0,862,0,862,0,0,0,0,"1,761,870",العمل متوقف حاليا لتجهييز الأحجار ونقلها الى موقع المشروع  وقد تم تنفيذ مقاطع خارج الدراسة,,,,,,,,,,,,الملحقة
402,إب,الربع الثاني من العام 1446هـ,حبيش,رصف طريق الصين المعشار,3125,اعمال انشائية,"3,272,680.8","2,121,060.0","1,151,620.8",4,35,0,0,0,0,0,0,123,0,"1,481,025",239,100,139,0,0,0,0,0,0,0,0,0,0,"295,000",لم يتم الصرف للمبادرة,,,,,,,,,,,,موجودات ضمن تقرير الموقف ولا يوجد مصفوفات معمدة
403,إب,الثانية,حبيش,رصف طريق السلق,7500,اعمال انشائية,"15,471,321.0","10,511,428.6","4,959,892.4",0,0,0,0,0,0,0,0,0,0,0,431,0,431,0,0,0,908,0,908,0,0,0,0,0,لم يتم تشكيل لجنة مجتمعية خلال النزول لصرف مساهمة الوحدة الدفعة الأولى ولم يتم موافاتنا من السلطة المحلية بوضع هذه المبادرات ونقترح النزول الميادني الى مواقع المبادرات لمعرفة فاعلية المجتمع والبت بمثل هكذا مبادرات,,,,,,,,,,,,الثانية
404,إب,الثانية,حبيش,رصف طريق الروسة,2200,اعمال انشائية,"25,757,251.2","17,570,323.0","8,186,928.2",4,80,0,0,0,0,0,0,125,20,"2,547,250",720,400,320,0,0,0,"1,518",913,605,0,0,0,0,"962,350",توقف العمل'بسبب عدم قدرة الأهالي على استكمال العمل بسبب ظروفهم المعيشية الصعبة، مع العلم أنهم قد جهزوا 2500 حجر لرصف الطريق ولكن ظروفهم المادية منعتهم عن استكمال العمل.,,,,,,,,,,,,الثانية
405,إب,الثانية,حبيش,رصف طريق الحمراء - المحدادة,3800,اعمال انشائية,"26,155,737.6","17,843,791.0","8,311,946.6",4,502,0,0,0,0,0,0,"2,008",0,"24,276,720",731,561,170,0,0,0,"1,542","1,000",542,0,0,0,0,"3,451,865",مبادرة منجزة ويجب نزول فريق مشترك من إدارة الوحدة من الإدارات المعنية وفريق الوحدة بالمحافظة والسلطة المحلية والجهات المعنية لصرف ماتبقى للمبادرة من مساهمة الوحدة واغلاقها وتسليمها للجهات المعنية,,,,,,,,,,,,الثانية
406,إب,الثانية,حبيش,رصف طريق الحصات - بيت البتول,4500,اعمال انشائية,"24,063,684.0","16,408,083.7","7,655,600.3",5,240,0,0,0,0,0,20,780,30,"11,734,200",672,522,150,0,0,0,"1,418",200,"1,218",0,0,0,0,"2,459,880",المبادرة متوقفة حاليا  بسبب عدم استطاع الأهالي علىى توفير مساهمتهم وبحاجة الى محاضر إضافة بنود اعمال,,,,,,,,,,,,الثانية
407,إب,الربع الاول من العام 1446هـ,حبيش,رصف خرساني لسوق الربوع,25000,اعمال انشائية,"16,513,990.0","8,358,000.0","8,155,990.0",5,130,0,0,0,0,0,0,0,130,"8,970,000","1,750",800,950,0,0,0,0,0,0,0,0,0,0,"2,360,000",تم صب مقطع خرساني ومتوقف حاليا لتجهيز المساهمة لبقية العمل,,,,,,,,,,,,موجودات ضمن تقرير الموقف ولا يوجد مصفوفات معمدة
408,إب,الثانية,حبيش,تسوية و رصف طريق المحوس التفادي,5000,اعمال انشائية,"41,303,000.0","28,070,079.5","13,232,920.5",6,115,0,0,0,0,0,45,690,0,"10,029,600","1,150",400,750,0,0,0,"2,523",903,"1,620",0,0,0,0,"2,052,350",لم يتم البدء بالعمل على الرغم من استلامهم الكمية حيث وانهم في طور جمع التبرعات وقد تم تجهيز ثلاثة الف حجر.,,,,,,,,,,,,الثانية
409,إب,الثانية,حبيش,تسوية رصف طريق نقيل الاريمه الجرف التفادي,6000,اعمال انشائية,"37,338,437.3","25,141,812.9","12,196,624.4",4,75,0,0,0,0,0,0,340,0,"3,826,800","1,117",650,467,0,0,0,"2,212","1,200","1,012",0,0,0,0,"1,579,600",تم رصف 130م بعرض 4م  معا ترميم 30م حسب قول رئيس اللجنة وتبقى 60كيس في المخزن وتحجرين فقام رئيس اللجنة بتوزيعن بين الأهالي كسلفة والى الان لم يتم ارجاع الكمية التي توزيعها بسبب ضروف الأهالي الصعبة وعلية يتم تحميل رئيس اللجنة ووقف الاسمنت المتبقي لهم الى حين حل الاشكالية مالم يتم تحويل الكمية,,,,,,,,,,,,الثانية
410,إب,الربع الثاني من العام 1446هـ,حبيش,استكمال رصف طريق السر,3597,اعمال انشائية,"9,624,680.5","8,036,350.0","1,588,330.5",4,181,0,0,0,0,0,0,724,0,"8,753,160",290,290,0,0,0,0,0,0,0,0,0,0,0,"855,500",العمل منجز بالمبادرة ونقترح اغلاقها,,,,,,,,,,,,موجودات ضمن تقرير الموقف ولا يوجد مصفوفات معمدة
411,إب,الربع الثاني من العام 1446هـ,حبيش,استكمال رصف طريق الرونة,3611,اعمال انشائية,"25,394,847.5","20,544,073.8","4,850,773.7",5,131,0,0,0,0,0,30,555,0,"7,828,905",780,280,500,0,0,0,"1,686",800,886,0,0,0,0,"1,206,000",العمل يجري ببطئ,,,,,,,,,,,,موجودات ضمن تقرير الموقف ولا يوجد مصفوفات معمدة
412,إب,الثانية,حبيش,رصف طريق نقيل جبل الخضراء - مروحة - نقيل العقاب (كمرحلة أولى),6000,اعمال ترابية واعمال انشائية,"105,307,843.8","71,102,656.5","34,205,187.3",6,600,0,0,0,0,0,324,"4,060",0,"59,689,600","3,094","3,094",0,0,0,0,"6,387","3,000","3,387",0,0,0,0,"13,716,010",وتوقف الاعمال حاليا  بسبب تكسير الأحجار من اجل استكمال عملية الرصف وقد تم تنفيذ الاعمال السابقة بصورة جيدة,,,,,,,,,,,,الثانية
413,إب,الربع الرابع من العام 1446هـ,حبيش,رصف طريق بين الاكام جبل الخضراء,,#N/A,"21,524,607.1","17,429,158.5","4,095,448.6",4,128,0,364,128,0,0,0,480,0,"6,277,713",759,0,759,0,0,0,967,500,467,,,,,"237,500",تم صرف 500 لتر للمبادرة للبدء باعمال المسح والتوسعة,,,,,,,,,,,,
414,إب,الثانية,حزم العدين,مشروع رصف نقيل موانيى العالي والسافل,700,اعمال انشائية,"8,303,012.3","5,569,067.5","2,733,944.8",3,50,0,0,0,0,0,0,150,0,"1,813,500",228,150,78,0,0,0,495,200,295,0,0,0,0,"765,000","مبادرة فعالة تم استخراج مجموعة من الأحجار.
تم البدء برصف مقطع حجري على الرغم من عدم الدعم بالأسمنت.
يطالبون بصرف كمية الاسمنت المعتمدة.
يطالبون بتوفير معدة كمبريشن هواء لقطع الأحجار واستخراجها.",,,,,,,,,,,,الثانية
415,إب,الثانية,حزم العدين,مشروع رصف حجري لطريق الجوز الذراع,1800,اعمال انشائية,"21,580,693.9","14,445,228.3","7,135,465.6",0,0,0,0,0,0,0,0,0,0,0,640,0,640,0,0,0,"1,300",0,"1,300",تعاقد مع معلم كمبريشن هواء لقطع الاحجار (10000) حجر,"2,392,125","911,000","1,481,125",0,لم يتم الصرف لهم أي من مواد مساهمة الوحدة ولكن يتم حاليا تكسير الاحجالر بالكمبريشن الهواء التابع للوحدة,,,,,,,,,,,,الثانية
416,إب,الثانية,حزم العدين,مشروع رصف الصلبة و ذي جيش و رصف طريق ذي النشمة الوادي شعب القضاض,1700,اعمال انشائية,"6,455,355.1","4,301,621.4","2,153,733.7",0,0,0,0,0,0,0,0,0,0,0,176,0,176,0,0,0,385,0,385,0,0,0,0,0,من المبادرات المتعثرة والتي قامت السلطة المحلية بتقديم طلب باستبدالها بمبادرات اخرى قادرة على توفير مساهمتها,,,,,,,,,,,,الثانية
417,إب,الثانية,حزم العدين,مسح طريق نقيل الركز-حليمة(مرحلة ثانية),4500,اعمال انشائية,"3,630,390.0","2,901,360.0","729,030.0",2,188,0,0,0,0,0,15,370,0,"3,285,700",120,100,20,0,0,0,0,0,0,0,0,0,0,"450,000",مبادرة منجزة.,,,,,,,,,,,,الثانية
418,إب,الثانية,حزم العدين,"مبادرة رصف طريق الدع 
(كمرحلة أولى لمعرفة مدى تفاعل المجتمع)",500,اعمال انشائية,"5,642,284.4","3,750,287.7","1,891,996.7",0,0,0,0,0,0,0,0,0,0,0,154,0,154,0,0,0,333,0,333,0,0,0,0,0,لم يتم تشكيل لجنة مجتمعية خلال النزول لصرف مساهمة الوحدة الدفعة الأولى ولم يتم موافاتنا من السلطة المحلية بوضع هذه المبادرات ونقترح النزول الميادني الى مواقع المبادرات لمعرفة فاعلية المجتمع والبت بمثل هكذا مبادرات,,,,,,,,,,,,الثانية
419,إب,الثانية,حزم العدين,مبادرة رصف حجري وجدارن ساندة لطريق النبيب المقابل,400,اعمال انشائية,"6,508,306.3","4,218,978.5","2,289,327.9",0,0,0,0,0,0,0,0,0,0,0,205,0,205,0,0,0,381,0,381,0,0,0,0,0,من المبادرات المتعثرة والتي قامت السلطة المحلية بتقديم طلب باستبدالها بمبادرات اخرى قادرة على توفير مساهمتها,,,,,,,,,,,,الثانية
420,إب,الثانية,حزم العدين,مبادرة رصف حجري لطريق نجد العراقي الاخطوب الاجعوم,1300,اعمال انشائية,"12,826,733.2","8,660,754.4","4,165,978.7",3,727,0,0,0,0,0,198,"2,481",0,"35,767,290",355,355,0,0,0,0,769,385,384,تعاقد مع معلم كمبريشن هواء لقطع الاحجار (4576) حجر,"1,159,720","1,159,720",0,"1,770,750",مبادرة منجزة ويجب نزول فريق مشترك من إدارة الوحدة من الإدارات المعنية وفريق الوحدة بالمحافظة والسلطة المحلية والجهات المعنية لاغلاقها وتسليمها للجهات المعنية,,,,,,,,,,,,الثانية
421,إب,الثانية,حزم العدين,مبادرة رصف حجري لطريق الحصن الوقعة,600,اعمال انشائية,"8,518,391.5","5,716,267.5","2,802,124.0",60,3,0,0,0,0,0,0,180,0,"2,176,200",234,234,0,0,0,0,508,254,254,0,0,0,0,"1,167,300","تم تنفيذ مقطع رصف حجري فقط، وتم تجهيز مجموعة من الأحجار.
يتبقى كمية من الاسمنت لديهم.
أفادت اللجنة باستكمال بقية الاعمال حتى تجهيز كمية الأحجار المطلوبة.",,,,,,,,,,,,الثانية
422,إب,الثانية,حزم العدين,مبادرة رصف حجري لطريق الجعم العالي,1400,اعمال انشائية,"12,560,340.8","8,478,721.2","4,081,619.5",4,537,0,0,0,0,0,28,"1,852",59,"27,528,480",347,347,0,0,0,0,753,0,753,0,0,0,0,"1,561,500",مبادرة منجزة ويجب نزول فريق مشترك من إدارة الوحدة من الإدارات المعنية وفريق الوحدة بالمحافظة والسلطة المحلية والجهات المعنية لاغلاقها وتسليمها للجهات المعنية,,,,,,,,,,,,الثانية
423,إب,الثانية,حزم العدين,مبادرة بناء جدارن ساندة لطريق دفئان الحوائر الجيرة الموسطة,300,اعمال انشائية,"4,180,328.6","3,158,571.4","1,021,757.1",1,100,0,0,0,0,0,96,0,0,"3,600,000",150,150,0,0,0,0,0,0,0,0,0,0,0,"675,000","تم الانتهاء من  تنفيذ بنود الاعمال  المستهدفة وتغطية الاحتياج المطلوب 
من المبادرات المنجزة ويجب عمل محضر اغلاق للمشروع واستكمال إجراءات الاغلاق.",,,,,,,,,,,,الثانية
424,إب,الثانية,حزم العدين,صيانة مقاطع الرصف  الحجري من  نجد الطنبة الى الحلو مع بناء جدران ساندة,2500,اعمال انشائية,"8,732,428.3","7,135,585.7","1,596,842.6",4,90,0,0,0,0,0,19,490,9,"6,677,100",239,239,0,0,0,0,0,0,0,0,0,0,0,"1,075,500",من المبادرات المنجزة التي تحتاج الى اغلاق,,,,,,,,,,,,الثانية
425,إب,الثانية,حزم العدين,رصف وصيانه طريق مشرجة السلم,300,اعمال انشائية,"2,760,116.8","1,778,866.0","981,250.8",3,65,0,0,0,0,0,0,195,0,"2,357,550",73,73,0,0,0,0,159,0,159,0,0,0,0,"265,319",تم انجاز الاعمال ويجب النزول للتقييم واغلاقها,,,,,,,,,,,,الثانية
426,إب,الربع الرابع من العام 1446هـ,حبيش,استكمال رصف عقبة فضاي,,#N/A,-,-,-,0,0,0,0,0,0,0,0,0,0,0,199,0,199,0,0,0,0,0,0,,,,,0,0%,,,,,,,,,,,,
427,إب,الربع الرابع من العام 1446هـ,حزم العدين,رصف وصيانة طريق وادي عظمان الضرائب,0,اعمال انشائية,"5,451,071.2","4,175,672.1","1,275,399.1",4,85,0,0,0,0,0,38,298,0,"3,602,820",294,194,100,0,0,0,0,0,0,0,0,0,0,"699,970",العمل يجري بصورة جيدة,,,,,,,,,,,,
428,إب,الثانية,حزم العدين,"رصف وتأهيل طريق ساقة جبل بني اسعد
( كامرحلة  أولى لمعرفة مدى تفاعل المجتمع )",2500,اعمال انشائية,"25,376,884.6","16,967,938.9","8,408,945.7",0,0,0,0,0,0,0,0,0,0,0,765,0,765,0,0,0,"1,521",0,"1,521",0,0,0,0,0,من المبادرات المتعثرة والتي قامت السلطة المحلية بتقديم طلب باستبدالها بمبادرات اخرى قادرة على توفير مساهمتها,,,,,,,,,,,,الثانية
429,إب,الثانية,حزم العدين,"رصف وتأهيل طريق الزراعي النخيع
( كمرحلة  أولى لمعرفة مدى تفاعل المجتمع )",1700,اعمال انشائية,"15,391,118.5","10,295,097.1","5,096,021.4",0,0,0,0,0,0,0,0,0,0,0,452,0,452,0,0,0,921,0,921,0,0,0,0,0,من المبادرات المتعثرة والتي قامت السلطة المحلية بتقديم طلب باستبدالها بمبادرات اخرى قادرة على توفير مساهمتها,,,,,,,,,,,,الثانية
430,إب,الثانية,حزم العدين,رصف وتاهيل وتوسعة العقاب الوعرة لطريق الشاحة نجد الهتيرة,1000,اعمال انشائية,"3,928,454.0","2,559,020.0","1,369,434.0",0,0,0,0,0,0,0,0,0,0,0,105,0,105,0,0,0,239,0,239,0,0,0,0,0,من المبادرات المتعثرة والتي قامت السلطة المحلية بتقديم طلب باستبدالها بمبادرات اخرى قادرة على توفير مساهمتها,,,,,,,,,,,,الثانية
431,إب,الربع الرابع من العام 1446هـ,حزم العدين,رصف وبناء جدران ساندة طريق الروينة,0,اعمال انشائية,"3,990,565.1","3,285,050.0","705,515.1",4,32,0,0,0,0,0,85,112,0,"4,475,355",155,155,0,0,0,0,0,0,0,0,0,0,0,"457,250",العمل متوقف لاسباتب غير معروفة لعدم تجاوب اللجنة ومن الضروري النزول لمعرفة الأسباب واغلاقها في حال تبين استكمال الاعمال,,,,,,,,,,,,
432,إب,الثانية,حزم العدين,رصف نقيل السويق,850,اعمال انشائية,"8,268,631.9","5,545,507.1","2,723,124.8",0,0,0,0,0,0,0,0,0,0,0,227,0,227,0,0,0,492,0,492,0,0,0,0,0,من المبادرات المتعثرة والتي قامت السلطة المحلية بتقديم طلب باستبدالها بمبادرات اخرى قادرة على توفير مساهمتها,,,,,,,,,,,,الثانية
433,إب,الثانية,حزم العدين,رصف طريق وادي عظمان وحديد والرياسي,1500,اعمال انشائية,"7,882,270.7","5,281,372.8","2,600,897.9",4,42,0,0,0,0,0,22,196,0,"3,062,200",216,116,100,0,0,0,469,469,0,قطع كمية (2414) حجر للمشروع بالكمبريشن التابع للوحدة,"796,830","796,830",0,"733,050","تم رصف مقطع واحد مع بناء جدار ساندـ وتم تجهيز مجموعة من الأحجار.
العمل متوقف منذو فترة لعدم توفر مساهمة الأهالي على الرغم من صرف مساهمة الوحدة بالكامل.
أفادت اللجنة باستئناف العمل خلال الايام القادمة، حيث ان كمية الاسمنت المتبقية في حالة سليمة.",,,,,,,,,,,,الثانية
434,إب,الثانية,حزم العدين,رصف طريق نقيل قرية الظفير,400,اعمال انشائية,"12,007,534.2","8,100,907.9","3,906,626.4",0,0,0,0,0,0,0,0,0,0,0,332,0,332,0,0,0,719,0,719,0,0,0,0,0,من المبادرات المتعثرة والتي قامت السلطة المحلية بتقديم طلب باستبدالها بمبادرات اخرى قادرة على توفير مساهمتها,,,,,,,,,,,,الثانية
435,إب,الثانية,حزم العدين,رصف طريق نقيل المتراس,600,اعمال انشائية,"6,005,634.4","3,998,933.9","2,006,700.5",0,0,0,0,0,0,0,0,0,0,0,164,0,164,0,0,0,355,0,355,0,0,0,0,0,من المبادرات المتعثرة والتي قامت السلطة المحلية بتقديم طلب باستبدالها بمبادرات اخرى قادرة على توفير مساهمتها,,,,,,,,,,,,الثانية
436,إب,الأولى,حزم العدين,رصف طريق نجد الهتيرة المعالف - شعبة,1800,اعمال انشائية,"16,400,718.4","11,375,005.1","5,025,713.3",4,157,0,0,0,0,0,0,495,7,"6,276,200",453,227,226,0,0,0,"1,040",0,"1,040",0,0,0,0,"1,030,580","أفادت اللجنة بانهاء المبادرة والاستكفاء بالاعمال المنفذة حالياً.
اغلاق المبادرة.",#REF!,0,0,0,0,0,#REF!,0,#REF!,#REF!,,الأولى
437,إب,الأولى,حزم العدين,رصف طريق نجد الامير - السهلة,2000,اعمال انشائية,"17,299,087.8","12,008,139.8","5,290,947.9",3,220,0,0,0,0,0,0,660,0,"7,979,400",479,478,1,0,0,0,"1,094",0,"1,094",0,0,0,0,"2,170,120",العمل متوقف في المبادرة بسبب تقاعس المجتمع وقد تم الرفع بالمبادرة ضمن خطة النزول لمعرفة الأسباب واتخاذ اللازم,#REF!,0,0,0,0,0,#REF!,0,#REF!,#REF!,,الأولى
438,إب,الثانية,حزم العدين,رصف طريق قرية الوطئة,600,اعمال انشائية,"14,093,122.6","9,526,294.7","4,566,827.9",0,0,0,0,0,0,0,0,0,0,0,390,0,390,0,0,0,846,0,846,0,0,0,0,0,لم يتم الصرف لهم أي من مواد مساهمة الوحدة,,,,,,,,,,,,الثانية
439,إب,الثانية,حزم العدين,رصف طريق عقبة الراحة جوار منتزه الحميري,500,اعمال انشائية,"1,926,911.6","1,211,284.3","715,627.4",0,0,0,0,0,0,0,0,0,0,0,50,0,50,0,0,0,108,0,108,0,0,0,0,0,من المبادرات المتعثرة والتي قامت السلطة المحلية بتقديم طلب باستبدالها بمبادرات اخرى قادرة على توفير مساهمتها,,,,,,,,,,,,الثانية
440,إب,الأولى,حزم العدين,رصف طريق عزلة بني الفخر,6000,اعمال انشائية,"24,425,494.2","16,214,266.7","8,211,227.5",3,63,0,0,0,0,0,0,0,32,"2,216,970",834,417,417,0,0,0,"1,551",0,"1,551",0,0,0,0,"1,893,180","عدم التطابق ناتج عن تغيير بنود الاعمال حيث تم تغيير نوع الرصف الى خرساني مسلح
المبادرة متوقفة عن العمل لدم قدرة الاهالي على استكمال تنفيذ المشروع  حسب افادة رئيس اللجنة المجتمعية ومازال هنالك كمية من مادة الاسمنت متبقية في مخزن المبادرة لم تستخدم ",#REF!,0,0,0,0,0,#REF!,0,#REF!,#REF!,,الأولى
441,إب,الثانية,حزم العدين,رصف طريق ظهرة المحدادة,500,اعمال انشائية,"5,646,669.1","3,753,600.5","1,893,068.5",0,0,0,0,0,0,0,0,0,0,0,154,154,0,0,0,0,333,0,333,0,0,0,0,"693,000","تم تنفيذ اعمال توسعة للطريق بمساهمة مجتمعية.
يطالبون بمعدة كمبريشن هواء لقطع الأحجار وصرف الديزل.
أفادت اللجنة بانها استلمت امر صرف اسمنت بكمية 154 كيس ولكن لم يتبقى أي اسمنت لدى المخازن ولم تستلم أي اسمنت الى تاريخه.",,,,,,,,,,,,الثانية
442,إب,الثانية,حزم العدين,رصف طريق شعب شرهان,600,اعمال انشائية,"23,883,567.9","16,217,640.0","7,665,927.9",0,40,0,0,0,0,0,0,12,0,"145,080",664,370,294,0,0,0,"1,440",600,840,0,0,0,0,"1,935,000","تم تكسير احجار مجموعة من الأحجار وتقريبهن الى موقع العمل.
تم البدء بتنفيذ احزمة طولية للرصف الحجري من الجانبين وحفر مكان الاحزمة فقط.
نسبة الإنجاز ضعيفة على الرغم من صرف نصف كمية الاسمنت.
يطالبون بصرف كمية الديزل المتبقية.
أفادت اللجنة بان قلة الإمكانيات لدى الأهالي كانت السبب في عدم البدء بتنفيذ بنود الاعمال.",#REF!,0,0,0,0,0,#REF!,0,#REF!,#REF!,,الثانية
443,إب,الملحقة,حزم العدين,رصف طريق ذي سعدي القرية,0,اعمال انشائية,"1,295,089.0","627,121.0","667,968.0",2,140,20,0,0,0,0,5,0,13,"877,900",102,84,18,0,0,0,0,0,0,0,0,0,0,"378,000",مبادرة منجزة.,,,,,,,,,,,,موجودات ضمن تقرير الموقف ولا يوجد مصفوفات معمدة
444,إب,الملحقة,حزم العدين,رصف طريق انيجدة,540,اعمال انشائية,"19,688,491.0","16,208,960.0","3,479,531.0",3,30,0,0,0,0,0,10,90,0,"1,463,100",586,100,486,0,0,0,0,0,0,0,0,0,0,"450,000","تم تنفيذ مقطع رصف حجري مع جدار ساند.
تم استخراج وتجهيز مجموعة من الأحجار.
لم يتم استكمال تنفيذ بقية الاعمال وتبقى كمية من الاسمنت المنصرفة لم يتم استخدامها.",,,,,,,,,,,,موجودات ضمن تقرير الموقف ولا يوجد مصفوفات معمدة
445,إب,الثانية,حزم العدين,رصف طريق النجد اوجنات,400,اعمال انشائية,"4,605,669.7","3,042,133.8","1,563,535.9",0,0,0,0,0,0,0,0,0,0,0,125,0,125,0,0,0,270,0,270,0,0,0,0,0,من المبادرات المتعثرة والتي قامت السلطة المحلية بتقديم طلب باستبدالها بمبادرات اخرى قادرة على توفير مساهمتها,,,,,,,,,,,,الثانية
446,إب,الربع الثاني من العام 1446هـ,حزم العدين,رصف طريق النبق السنم,,#N/A,"5,036,770.0","947,300.0","4,089,470.0",4,114,0,0,0,0,0,0,399,0,"4,823,910",138,73,65,0,0,0,0,0,0,,,,,"328,500","تم تنفيذ مقطع رصف حجري واستهلاك كمية الاسمنت أكبر من المنصرفة.
يطالب الأهالي بتسليم الدفعة المتبقية من الاسمنت وإضافة بنود اعمال جديدة.",,,,,,,,,,,,
447,إب,الربع الرابع من العام 1446هـ,حزم العدين,رصف طريق المقاريض قهنات,0,اعمال انشائية,"4,580,448.6","3,913,612.5","666,836.1",3,118,0,0,0,0,0,32,354,0,"5,461,110",140,100,40,0,0,0,0,0,0,0,0,0,0,"295,000",تم انجاز الاعمال بحسب افادة اللجنة من خلال التواصل وقد تم الرفع بها ضمن خطة النزول للتأكد من حالة المشروع,,,,,,,,,,,,
448,إب,الثانية,حزم العدين,رصف طريق المصينعة,300,اعمال انشائية,"3,995,428.7","2,625,067.1","1,370,361.7",0,0,0,0,0,0,0,0,0,0,0,108,0,108,0,0,0,233,0,233,0,0,0,0,0,من المبادرات المتعثرة والتي قامت السلطة المحلية بتقديم طلب باستبدالها بمبادرات اخرى قادرة على توفير مساهمتها,,,,,,,,,,,,الثانية
449,إب,الثانية,حزم العدين,رصف طريق اللعيلع مقربة الفيزان رحاضه السنقبة الزراعي( كمرحلة  أولى لمعرفة مدى تفاعل المجتمع ),1100,اعمال انشائية,"9,793,442.9","6,549,096.6","3,244,346.3",3,85,0,0,0,0,0,50,369,0,"5,986,190",278,200,78,0,0,0,584,292,292,0,0,0,0,"1,031,400",العمل متوقف في المبادرة بسبب تقاعس المجتمع وقد تم الرفع بالمبادرة ضمن خطة النزول لمعرفة الأسباب واتخاذ اللازم,,,,,,,,,,,,الثانية
450,إب,الربع الرابع من العام 1446هـ,حزم العدين,رصف طريق القرية يخوض,0,اعمال انشائية,"5,743,385.5","4,554,662.4","1,188,723.1",5,140,0,0,0,0,0,33,700,0,"9,700,500",269,269,0,0,0,0,0,0,0,0,0,0,0,"793,550",تم انجاز الاعمال ويجب اغلاقها,,,,,,,,,,,,
451,إب,الثانية,حزم العدين,رصف طريق القتيب,300,اعمال انشائية,"3,470,739.5","2,264,011.3","1,206,728.2",0,0,0,0,0,0,0,0,0,0,0,93,0,93,0,0,0,202,0,202,0,0,0,0,0,من المبادرات المتعثرة والتي قامت السلطة المحلية بتقديم طلب باستبدالها بمبادرات اخرى قادرة على توفير مساهمتها,,,,,,,,,,,,الثانية
452,إب,الثانية,حزم العدين,"رصف طريق الظفير الوحيدي المؤاهيل الضبة 
(كمرحلة أولى لمعرفة مدى تفاعل المجتمع)",1500,اعمال انشائية,"11,803,960.7","7,846,025.1","3,957,935.6",0,0,0,0,0,0,0,0,0,0,0,351,0,351,0,0,0,703,0,703,0,0,0,0,0,من المبادرات المتعثرة والتي قامت السلطة المحلية بتقديم طلب باستبدالها بمبادرات اخرى قادرة على توفير مساهمتها,,,,,,,,,,,,الثانية
453,إب,الثانية,حزم العدين,"رصف طريق الشعيب حليمة
( كامرحلة  أولى لمعرفة مدى تفاعل المجتمع )",1500,اعمال انشائية,"25,629,696.0","17,393,548.9","8,236,147.1",0,0,0,0,0,0,0,0,0,0,0,717,0,717,0,0,0,"1,545",0,"1,545",0,0,0,0,0,من المبادرات المتعثرة والتي قامت السلطة المحلية بتقديم طلب باستبدالها بمبادرات اخرى قادرة على توفير مساهمتها,#REF!,0,0,0,0,0,#REF!,0,#REF!,#REF!,,الثانية
454,إب,الثانية,حزم العدين,"رصف طريق الشرقي العكيش نقيل البدحة
( كمرحلة  أولى لمعرفة مدى تفاعل المجتمع )",2000,اعمال انشائية,"21,025,773.7","14,113,848.5","6,911,925.2",0,0,0,0,0,0,0,0,0,0,0,617,0,617,0,0,0,"1,261",0,"1,261",0,0,0,0,0,من المبادرات المتعثرة والتي قامت السلطة المحلية بتقديم طلب باستبدالها بمبادرات اخرى قادرة على توفير مساهمتها,,,,,,,,,,,,الثانية
455,إب,الملحقة,حزم العدين,رصف طريق الحمراء السنم,0,اعمال انشائية,"12,647,991.0","10,476,918.0","2,171,073.0",4,78,0,0,0,0,0,0,273,0,"3,300,570",352,100,252,0,0,0,0,0,0,0,0,0,0,"450,000","تم تنفيذ مقطع رصف حجري واستهلاك كمية الاسمنت أكبر من المنصرفة.
يطالب الأهالي بتسليم الدفعة المتبقية من الاسمنت.",,,,,,,,,,,,موجودات ضمن تقرير الموقف ولا يوجد مصفوفات معمدة
456,إب,الثانية,حزم العدين,رصف طريق الاعدان منطقة قهنات,800,اعمال انشائية,"3,710,530.7","2,430,259.8","1,280,270.9",0,0,0,0,0,0,0,0,0,0,0,100,0,100,0,0,0,216,0,216,0,0,0,0,0,من المبادرات المتعثرة والتي قامت السلطة المحلية بتقديم طلب باستبدالها بمبادرات اخرى قادرة على توفير مساهمتها,,,,,,,,,,,,الثانية
457,إب,الثانية,حزم العدين,رصف طريق ابنان مقربة,700,اعمال انشائية,"10,492,700.6","7,065,601.0","3,427,099.6",3,120,0,0,0,0,0,0,360,0,"4,352,400",289,40,249,0,0,0,627,0,627,0,0,0,0,"168,000",تم تفعيلها مؤخرا وتم الصرف لها 40 كيس من مبادرة رصف طريق وادي عظمان الرياسي من قبل جمعية حزم العدين التعاونية متعددة الأغراض  وقد باشر الأهالي بالعمل بصورة جيدة,,,,,,,,,,,,الثانية
458,إب,الثانية,حزم العدين,رصف طريق االمهروم الحائط,1200,اعمال انشائية,"2,667,257.1","1,717,333.6","949,923.5",0,0,0,0,0,0,0,0,0,0,0,70,0,70,0,0,0,152,0,152,0,0,0,0,0,من المبادرات المتعثرة والتي تم استبدالها بمبادرات اخرى قادرة على توفير مساهمتها,,,,,,,,,,,,الثانية
459,إب,الثانية,حزم العدين,رصف طريق  المؤدية الى خزان خقين,150,اعمال انشائية,"2,416,739.5","1,811,021.7","605,717.8",0,0,0,0,0,0,0,0,0,0,0,63,0,63,0,0,0,137,0,137,0,0,0,0,0,لم يتم تشكيل لجنة مجتمعية خلال النزول لصرف مساهمة الوحدة الدفعة الأولى ولم يتم موافاتنا من السلطة المحلية بوضع هذه المبادرات ونقترح النزول الميادني الى مواقع المبادرات لمعرفة فاعلية المجتمع والبت بمثل هكذا مبادرات,,,,,,,,,,,,الثانية
460,إب,الثانية,حزم العدين,رصف سوق طريق نجد العدن,7000,اعمال انشائية,"21,936,562.6","10,479,633.6","11,456,929.0",0,0,0,0,0,0,0,0,0,0,0,"2,134",0,"2,134",0,0,0,0,0,0,0,0,0,0,0,من المبادرات المتعثرة والتي قامت السلطة المحلية بتقديم طلب باستبدالها بمبادرات اخرى قادرة على توفير مساهمتها,,,,,,,,,,,,الثانية
461,إب,الثانية,حزم العدين,رصف خرساني للشارعين من صلبة نيدان الى منطقة الشرف والى جانب جامع القرية,800,اعمال انشائية,"7,758,212.1","3,658,244.8","4,099,967.3",0,0,0,0,0,0,0,0,0,0,0,745,0,745,0,0,0,0,0,0,0,0,0,0,0,من المبادرات المتعثرة والتي قامت السلطة المحلية بتقديم طلب باستبدالها بمبادرات اخرى قادرة على توفير مساهمتها,,,,,,,,,,,,الثانية
462,إب,الربع الرابع من العام 1446هـ,حزم العدين,رصف خرساني طريق نباخ الكبه,0,اعمال انشائية,"6,676,696.5","4,219,049.6","2,457,646.9",27,3,0,0,0,0,0,0,0,13,"894,240",556,100,456,0,0,0,0,0,0,0,0,0,0,"295,000",العمل مستمر خلال شهر  2 وتوقف قبل اسبوع مؤقتا لتجميع مساهمة الأهالي,,,,,,,,,,,,
463,إب,الملحقة,حزم العدين,رصف خرساني طريق الظهرة الشرف,0,اعمال انشائية,"3,511,896.0","1,812,008.0","1,699,888.0",4,55,0,20,0,0,0,0,97,0,"1,198,550",308,100,208,0,0,0,0,0,0,0,0,0,0,"450,000",تم استعادة نشاطها مؤخرا وتم الصرف لها في شهؤ ابريل 2025م,,,,,,,,,,,,موجودات ضمن تقرير الموقف ولا يوجد مصفوفات معمدة
464,إب,الربع الرابع من العام 1446هـ,حزم العدين,رصف خرساني اكمة حقين,0,اعمال انشائية,"4,396,219.6","2,799,854.4","1,596,365.2",5,180,0,0,0,0,0,70,810,0,"12,417,900",386,386,0,0,0,0,0,0,0,0,0,0,0,"1,387,330",تم انجاز الاعمال ويجب اغلاقها,,,,,,,,,,,,
465,إب,الثانية,حزم العدين,رصف حجري للعقاب الوعرة في منطقة اكام النبيب,500,اعمال انشائية,"7,165,977.8","4,786,766.7","2,379,211.1",0,0,0,0,0,0,0,0,0,0,0,196,0,196,0,0,0,428,0,428,0,0,0,0,0,من المبادرات المتعثرة والتي قامت السلطة المحلية بتقديم طلب باستبدالها بمبادرات اخرى قادرة على توفير مساهمتها,#REF!,0,0,0,0,0,#REF!,0,#REF!,#REF!,,الثانية
466,إب,الثانية,حزم العدين,"رصف العقاب الوعرة وتوسعة طريق نقيل عنقب الضبة
 (كمرحلة أولى لمعرفة مدى تفاعل المجتمع)",700,اعمال انشائية,"7,118,426.8","4,759,467.4","2,358,959.5",0,0,0,0,0,0,0,0,0,0,0,195,0,195,0,0,0,423,0,423,0,0,0,0,0,من المبادرات المتعثرة والتي قامت السلطة المحلية بتقديم طلب باستبدالها بمبادرات اخرى قادرة على توفير مساهمتها,,,,,,,,,,,,الثانية
467,إب,الثانية,حزم العدين,رصف العقاب الوعرة لطريق وادي جعفر يخوض وطريق يخوض اشرف المحالل ذي حجيب يخوض,1900,اعمال انشائية,"14,943,870.4","10,107,734.8","4,836,135.5",3,474,0,0,0,0,0,0,393,154,"15,401,520",414,414,0,0,0,0,898,0,898,0,0,0,0,"1,863,000",تم انجاز الاعمال ويجب اغلاقها,,,,,,,,,,,,الثانية
468,إب,الربع الرابع من العام 1446هـ,حزم العدين,رصف العقاب الوعرة لطريق الحلو,0,اعمال انشائية,"3,395,316.7","2,858,664.0","536,652.7",3,30,0,0,0,0,0,0,90,0,"1,088,100",115,50,65,0,0,0,0,0,0,0,0,0,0,"147,500",العمل متوقف بسبب تجهيزهم للاحجار ونقل الرمل  وسيتم البدء في مباشرة الاعمال في الأسبوع القادم حسب افادة رئيس اللجنة,,,,,,,,,,,,
469,إب,الثانية,حزم العدين,رصف العقاب الوعرة في المناطيش,600,اعمال انشائية,"7,872,254.0","5,274,667.4","2,597,586.5",0,0,0,0,0,0,0,0,0,0,0,216,0,216,0,0,0,468,0,468,0,0,0,0,0,من المبادرات المتعثرة والتي قامت السلطة المحلية بتقديم طلب باستبدالها بمبادرات اخرى قادرة على توفير مساهمتها,,,,,,,,,,,,الثانية
470,إب,الأولى,حزم العدين,رصف  طريق الجوز الدغبور الكشخة بني وائل حليمة,12000,اعمال انشائية,"33,102,688.0","23,077,046.5","10,025,641.5",4,540,0,533,265,0,0,0,0,0,"643,371",920,0,920,0,0,0,"2,103","1,000","1,103",0,0,0,0,"475,000",العمل متوقف في المبادرة بسبب تقاعس المجتمع وقد تم الرفع بالمبادرة ضمن خطة النزول لمعرفة الأسباب واتخاذ اللازم,#REF!,0,0,0,0,0,#REF!,0,#REF!,#REF!,,الأولى
471,إب,الثانية,حزم العدين,"توسعة ورصف طريق الصلوة الزواقر الحطيم
 (كمرحلة أولى لمعرفة مدى تفاعل المجتمع)",1000,اعمال انشائية,"7,962,933.1","5,310,587.0","2,652,346.1",0,0,0,0,0,0,0,0,0,0,0,224,0,224,0,0,0,473,0,473,0,0,0,0,0,من المبادرات المتعثرة والتي قامت السلطة المحلية بتقديم طلب باستبدالها بمبادرات اخرى قادرة على توفير مساهمتها,,,,,,,,,,,,الثانية
472,إب,الثانية,حزم العدين,تأهيل ورصف طريق الكدادة الاجنة,1300,اعمال انشائية,"19,106,242.9","12,959,510.5","6,146,732.4",4,80,0,0,0,0,0,0,280,0,"3,385,200",529,178,351,0,0,0,"1,151",300,851,0,0,0,0,"936,000","تم دعم المبادرة 100 كيس اسمنت من مبادرة واقفة( رصف خرساني طريق الظهرة الشرف).
قيد التنفيذ وبحاجة الى اسمنت وديزل.",,,,,,,,,,,,الثانية
473,إب,الثانية,حزم العدين,تأهيل ورصف  طريق العقبة الى الخزان الشعاور,900,اعمال انشائية,"16,056,662.8","10,868,268.3","5,188,394.5",0,0,0,0,0,0,0,0,0,0,0,445,0,445,0,0,0,965,483,482,قطع (1060) حجر وكمية (131) م3 صخري بكمبريشن الوحدة,"1,225,050","1,225,050",0,"217,350","تم استلام حصة من الديزل دفعة أولى ولم تستلم حصتها من الاسمنت.
تم تجهيز مجموعة من الأحجار.
يطالبون بصرف حصة الاسمنت للبدء بالتنفيذ حسب افادة الأهالي.",,,,,,,,,,,,الثانية
474,إب,الثانية,حزم العدين,تاهيل ورصف طريق العر المالح,500,اعمال انشائية,"8,697,874.1","5,838,934.2","2,858,940.0",0,0,0,0,0,0,0,0,0,0,0,239,0,239,0,0,0,518,0,518,0,0,0,0,0,لم يتم الصرف لهم أي من مواد مساهمة الوحدة,,,,,,,,,,,,الثانية
475,إب,الأولى,حزم العدين,اعادة تاهيل العبارات الانبوبية +بناء جدار ساند عوارض نيدان حقين,15000,اعمال انشائية,"23,551,294.4","15,179,566.8","8,371,727.6",0,0,0,0,0,0,0,0,0,0,0,916,0,916,0,0,0,"1,443",0,"1,443",0,0,0,0,0,مبادرة متعثرة وتم توريد الكمية المرتجعة الى مخازن المديرية,#REF!,0,0,0,0,0,#REF!,0,#REF!,#REF!,,الأولى
476,إب,الثانية,حزم العدين,استكمال رصف طريق نقيل عران الى وادي هنا(كمرحلة اوالى),1500,اعمال انشائية,"17,241,068.8","14,062,234.2","3,178,834.6",4,190,0,0,0,0,0,57,"1,276",0,"16,921,060",505,505,0,0,0,0,0,0,0,0,0,0,0,"2,272,500",مبادرة متميزة ومنجزة، حيث يطالب الاهالي بإضافة بنود اعمال جديدة لإضافة مقطع رصف جديد وعمل صيانة للرصف القديم.,,,,,,,,,,,,الثانية
477,إب,الأولى,حزم العدين,رصف طريق نقيل الركز - حليمة,4500,اعمال انشائية,"7,498,254.0","5,120,507.9","2,377,746.1",3,188,0,0,0,0,0,15,934,0,"10,104,460",204,204,0,0,0,0,484,547,-63,قطع كمية (2709) حجر للمشروع بالكمبريشن التابع للوحدة,"901,850","901,850",0,"1,350,160","تم انجاز الاعمال ويجب اغلاق المبادؤة وقد تم صرف كمية  من مادة الاسمنت اكبر من الكمية المعتمدة  حسب الدراسة وكذلك الاعمال المنجزة  
تم  إضافة اعمال ترويب ودتشات وربارب بكمية الاسمنت المضافة لهم وتم الإنجاز.",#REF!,1,0,0,0,0,#REF!,0,#REF!,#REF!,,الأولى
478,إب,الأولى,حزم العدين,رصف طريق المعالف شعبة,3500,اعمال انشائية,"14,322,596.8","9,923,393.3","4,399,203.5",0,0,0,0,0,0,0,0,0,0,0,396,0,396,0,0,0,904,472,432,قطع كمية (7570) حجر للمشروع بالكمبريشن التابع للوحدة,"1,653,300","1,653,300",0,"839,520","مبادرة متوقفة ومتعثرة وأفاد الأهالي بان أسباب التوقف هو عدم توفر مساهمة الأهالي.
يتبقى كمية من الاسمنت المنصرف في المخازن لدى الأهالي.",#REF!,0,0,0,0,0,#REF!,0,#REF!,#REF!,,الأولى
479,إب,الأولى,حزم العدين,رصف طريق الجعافرة راس النقيل,1600,اعمال انشائية,"16,547,132.2","11,481,467.0","5,065,665.1",0,0,0,0,0,0,0,0,0,0,0,458,0,458,0,0,0,"1,046",0,"1,046",0,0,0,0,0,لم يتم تشكيل لجنة مجتمعية خلال النزول لصرف مساهمة الوحدة الدفعة الأولى ولم يتم موافاتنا من السلطة المحلية بوضع هذه المبادرات ونقترح النزول الميادني الى مواقع المبادرات لمعرفة فاعلية المجتمع والبت بمثل هكذا مبادرات,#REF!,0,0,0,0,0,#REF!,0,#REF!,#REF!,,الأولى
480,إب,الأولى,حزم العدين,استكمال بناء وصيانة  جدار ساند منطقة الحجفة طريق بني وائل,15000,اعمال انشائية,"5,741,168.0","3,666,151.5","2,075,016.4",0,0,0,0,0,0,0,0,0,0,0,210,0,210,0,0,0,345,0,345,0,0,0,0,0,لم يتم تشكيل لجنة مجتمعية خلال النزول لصرف مساهمة الوحدة الدفعة الأولى ولم يتم موافاتنا من السلطة المحلية بوضع هذه المبادرات ونقترح النزول الميادني الى مواقع المبادرات لمعرفة فاعلية المجتمع والبت بمثل هكذا مبادرات,,,,,,,,,,,,
481,إب,الربع الرابع من العام 1446هـ,حزم العدين,رصف طريق نباخ القحز,,اعمال انشائية,-,-,-,3,50,0,0,0,0,0,0,150,0,"1,813,500",50,50,0,0,0,0,0,0,0,,,,,"147,500",تم دعمها مؤخرا عبر الجمعية التعاونية بالمديرية,,,,,,,,,,,,
482,إب,الربع الرابع من العام 1446هـ,حزم العدين,رصف طريق الصون عتمات,,اعمال انشائية,-,-,-,3,47,0,0,0,0,0,0,141,0,"1,704,690",50,50,0,0,0,0,0,0,0,,,,,"147,500",تم دعمها مؤخرا عبر الجمعية التعاونية بالمديرية,,,,,,,,,,,,
483,إب,الربع الرابع من العام 1446هـ,حزم العدين,انشاء المحجر الصحي البيطري لجمعية حزم العدين التعاونية,,اعمال انشائية,-,-,-,0,0,0,0,0,0,0,0,0,0,0,60,60,0,0,0,0,0,0,0,,,,,"159,000",تم تحويل 60 كيس من مبادرة رصف طريق وادي عظمان الرياسي الى المحجر الصحي مؤخرا من قبل جمعية الحزم التعاونية ولم يتم النزول لتقييم العمل بالمشروع,,,,,,,,,,,,
484,إب,الربع الرابع من العام 1446هـ,حزم العدين,رصف طريق الحافة وادي موعة,,اعمال انشائية,-,-,-,3,32,0,0,0,0,0,0,96,0,"1,160,640",40,40,0,0,0,0,0,0,0,,,,,"118,000",تم دعمها مؤخرا عبر الجمعية التعاونية بالمديرية,,,,,,,,,,,,
485,إب,الثانية,ذي السفال,وسعة ورصف طريق الصفة الاصابح(مرحلة أولى),34000,اعمال ترابية,"8,887,907.0","5,366,975.4","3,520,931.6",4,"2,100",0,"3,822","2,100",0,0,0,0,0,"6,248,891",0,0,0,0,0,0,"6,224","4,283","1,941",0,0,0,0,"1,581,300",يطالبون ببقية الديزل لاستكمال الاعمال,,,,,,,,,,,,الثانية
486,إب,الثانية,ذي السفال,مشروع استكمال رصف عقاب طریق صناعه,2800,اعمال انشائية,"16,048,239.5","12,433,649.6","3,614,589.8",4,321,0,0,321,0,0,50,865,17,"12,841,224",489,489,0,0,0,0,"1,107","1,107",0,0,0,0,0,"2,367,300",مبادرة منجزة ويجب نزول فريق مشترك من إدارة الوحدة من الإدارات المعنية وفريق الوحدة بالمحافظة والسلطة المحلية والجهات المعنية لاغلاقها وتسليمها للجهات المعنية,,,,,,,,,,,,الثانية
487,إب,الثانية,ذي السفال,مشروع استكمال رصف عقاب طریق الخریف (المرحلة الأولى),3840,اعمال ترابية واعمال انشائية,"13,850,269.7","10,708,279.1","3,141,990.5",4,300,420,490,0,0,0,148,388,0,"12,764,009",405,405,0,0,0,0,"1,127","1,127",0,0,0,0,0,"2,024,550",الاعمال منجزة بشكل جيد,,,,,,,,,,,,الثانية
488,إب,الثانية,ذي السفال,مشروع استكمال رﺻف عقاب طرﯾﻖ الحضيرة اﻟزﺑور (مرحلة أولى),9000,اعمال انشائية,"23,459,697.2","18,231,524.2","5,228,172.9",4,137,0,0,0,0,0,0,625,0,"7,239,340",717,280,437,0,0,0,"1,623",500,"1,123",0,0,0,0,"1,471,000",العمل متوقف للمشاكل الحاصلة بين الاهالي,,,,,,,,,,,,الثانية
489,إب,الثانية,ذي السفال,مشروع استكمال رصف عقاب طريق ريد,12000,اعمال انشائية,"24,909,710.6","19,365,965.8","5,543,744.8",5,365,700,0,0,0,0,23,"1,770",0,"22,558,745",761,630,131,0,0,0,"1,724","1,187",537,0,0,0,0,"2,968,500",تم استئناف الاعمال مؤخرا,,,,,,,,,,,,الثانية
490,إب,الثانية,ذي السفال,مسح وتوسعة ورصف لطريق وهرات الخط الدائري ابتداً من مدرسة الطموح وانتهاء الدائري الغربي (مرحلة أولى),10000,اعمال ترابية واعمال انشائية,"17,629,016.4","14,016,608.2","3,612,408.3",0,0,0,0,0,0,0,0,0,0,0,525,0,525,0,0,0,648,0,648,0,0,0,0,0,متوقف بسبب انتظار تدخل أي جهة لحل مشكلة المجاري قبل الرصف ،وقد تم الرفع مؤخرا من قبل السلطة المحلية باستبدال الكمية المعتمدة الى مشروع جسر الجعاشن.,,,,,,,,,,,,الثانية
491,إب,الثانية,ذي السفال,شق طريق القيد,500,اعمال ترابية واعمال انشائية,"3,912,204.0","2,631,605.0","1,280,599.0",5,230,"1,040",0,0,0,0,0,0,0,"1,796,785",86,86,0,0,0,0,"1,177",0,"1,177",0,0,0,0,"381,900","يطالبون بسرعة صرف كمية الديزل لكي يستكملوا  عملية الشق
تم تغير مسار الطريق لمقترح أفضل حسب دعوى الأهالي",,,,,,,,,,,,الثانية
492,إب,الثانية,ذي السفال,رصف وبناء جدران طريق جبل القطني,18000,اعمال انشائية,"8,570,630.0","6,474,600.0","2,096,030.0",1,130,0,0,0,0,0,92,210,0,"4,735,600",281,200,81,0,0,0,583,300,283,0,0,0,0,"1,045,000","تم انجاز الاعمال بصورة لا بأس بها
بند تغير تغيري",,,,,,,,,,,,الثانية
493,إب,الثانية,ذي السفال,رصف عقبة المزبار,9000,اعمال انشائية,"7,509,936.0","5,742,507.7","1,767,428.3",6,25,0,0,25,0,0,0,150,0,"1,818,100",231,90,141,0,0,0,487,255,232,0,0,0,0,"506,250",متعثر وابدا الأهالي استكفائهم ولزم اغلاقها,,,,,,,,,,,,الثانية
494,إب,الربع الرابع من العام 1446هـ,حزم العدين,استكمال بناء جدار ساند مدرسة الكفاح,0,اعمال انشائية,-,-,-,0,0,0,0,0,0,0,0,0,0,0,65,0,65,0,0,0,0,0,0,0,0,0,0,0,0%,,,,,,,,,,,,
495,إب,الربع الثاني من العام 1446هـ,ذي السفال,رصف عقاب طريق ممسى حيبان,,#N/A,"14,273,195.0","11,948,880.0","2,324,315.0",4,100,0,0,0,0,0,0,400,0,"4,836,000",495,100,395,0,0,0,0,0,0,,,,,"333,450",متوقف دون معرفة الأسباب بسبب عدم تجاوب اللجنةويجب النزول لمعرفة الأسباب,,,,,,,,,,,,
496,إب,الربع الثاني من العام 1446هـ,ذي السفال,رصف عقاب طريق دار الهدة - الدخال,,#N/A,"31,221,841.0","26,075,440.0","5,146,401.0",0,0,0,0,0,0,0,0,0,0,0,870,0,870,0,0,0,0,0,0,,,,,0,تم سحب الكميات من الاسمنت عدد 130 كيس التي تم تحويلها للمبادرة من مبادرة المضيئة ونظرا  لعدم قدرة الأهالي على بدء العمل تم سحبها من طريق دار الهدة وصرفها لطريق سائلة النمر,,,,,,,,,,,,
497,إب,الربع الثاني من العام 1446هـ,ذي السفال,رصف عقاب طريق العدانة وادي ضبأ,,#N/A,"13,667,275.0","11,192,340.0","2,474,935.0",0,0,0,0,0,0,0,0,0,0,0,410,100,310,0,0,0,0,0,0,,,,,"340,000",لم يتم تنفيذ أي بند مع العلم بان رئيس اللجنة افاد سابقا بانه قد قام بتنفيذ الرصف الا انه لم يوافينا بالصور وكميات الاعمال المنفذة ومن خلال متابعة مدير المبادرات بالمديرية افاد بان العمل لم يبدأ وبان رئيس اللجنة لم يتجاوب معهم وقد تم مخاطبة مدير المديرية بذلك بمخاطبة رسمية,,,,,,,,,,,,
498,إب,الثانية,ذي السفال,رصف طريق عقبتي تحت جامع العزل وتحت بيت احمد منصور,11000,اعمال انشائية,"2,999,926.5","2,225,973.1","773,953.4",0,0,0,0,0,0,0,0,0,0,0,88,0,88,0,0,0,198,0,198,0,0,0,0,0,لم يتم تشكيل لجنة مجتمعية خلال النزول لصرف مساهمة الوحدة الدفعة الأولى ولم يتم موافاتنا من السلطة المحلية بوضع هذه المبادرات ونقترح النزول الميادني الى مواقع المبادرات لمعرفة فاعلية المجتمع والبت بمثل هكذا مبادرات,,,,,,,,,,,,الثانية
499,إب,الثانية,ذي السفال,رصف طريق عقبة تحت بيت احمد منصور,11000,اعمال انشائية,"9,910,248.0","7,631,907.7","2,278,340.3",3,310,0,0,0,0,0,0,"1,023",0,"12,368,070",300,300,0,0,0,0,679,679,0,0,0,0,0,"1,458,000",نسبة الإنجاز أعلى من مساهمة الوحدة المنصرفة,,,,,,,,,,,,الثانية
500,إب,الثانية,ذي السفال,رصف طريق عقاب مدية (مرحلة أولى),1300,اعمال انشائية,"12,042,852.7","9,609,215.0","2,433,637.7",0,0,0,0,0,0,0,0,0,0,0,387,0,387,0,0,0,0,0,0,0,0,0,0,0,لم يتم تشكيل لجنة مجتمعية خلال النزول لصرف مساهمة الوحدة الدفعة الأولى ولم يتم موافاتنا من السلطة المحلية بوضع هذه المبادرات ونقترح النزول الميادني الى مواقع المبادرات لمعرفة فاعلية المجتمع والبت بمثل هكذا مبادرات,,,,,,,,,,,,الثانية
501,إب,الثانية,ذي السفال,رصف طريق عقاب قرية حمرة,8000,اعمال انشائية,"18,446,527.5","14,309,826.9","4,136,700.6",4,172,0,0,0,0,0,0,636,0,"7,694,076",563,215,348,0,0,0,"1,274",600,674,0,0,0,0,"1,225,815",متوقف دون معرفة الأسباب بسبب عدم تجاوب اللجنةويجب النزول لمعرفة الأسباب,,,,,,,,,,,,الثانية
502,إب,الثانية,ذي السفال,رصف طريق عقاب عزلة الوحص,7000,اعمال انشائية,"4,816,962.4","3,649,768.3","1,167,194.1",4,165,0,0,70,0,0,0,710,0,"8,360,280",144,144,0,0,0,0,318,318,0,0,0,0,0,"730,800",الاعمال منجزة بشكل جيد,,,,,,,,,,,,الثانية
503,إب,الثانية,ذي السفال,رصف طريق عقاب العارضة عرامة العسكر(مرحلة أولى),22000,اعمال انشائية,"27,182,745.5","20,947,137.3","6,235,608.1",4,475,0,0,0,0,0,60,"1,320",44,"20,312,900",872,872,0,0,0,0,"1,869","1,000",869,0,0,0,0,"4,320,276",مبادرة منجزة ويجب نزول فريق مشترك من إدارة الوحدة من الإدارات المعنية وفريق الوحدة بالمحافظة والسلطة المحلية والجهات المعنية لاغلاقها وتسليمها للجهات المعنية,,,,,,,,,,,,الثانية
504,إب,الثانية,ذي السفال,رصف طريق عزلتي شقح الوحص (مرحلة أولى),9000,اعمال انشائية,"16,575,285.3","12,725,363.8","3,849,921.5",4,192,0,0,0,0,0,0,943,0,"10,989,360",531,400,131,0,0,0,"1,125",400,725,0,0,0,0,"1,900,000",تم عمل عدة مقاطع  رصف حجراي احدهن  بمسار جانبي خارج الطريق الا انه يخدم قرية كثيفة السكان,,,,,,,,,,,,الثانية
505,إب,الثانية,ذي السفال,رصف طريق طانف وادي ضباء (مرحلة أولى),1300,اعمال انشائية,"10,922,532.0","8,419,938.5","2,502,593.5",4,207,0,0,0,0,0,105,604,0,"11,221,110",336,336,0,0,0,0,709,709,0,0,0,0,0,"1,598,400",تم انجاز الاعمال بصورة جيدة ولزم اغلاق المبادرة,,,,,,,,,,,,الثانية
506,إب,الثانية,ذي السفال,رصف طريق ضبعان (المرحلة الاولى),1800,اعمال انشائية,"8,657,829.8","6,920,410.0","1,737,419.8",0,0,0,0,0,0,0,0,0,0,0,267,0,267,0,0,0,0,0,0,0,0,0,0,0,لم يتم تشكيل لجنة مجتمعية خلال النزول لصرف مساهمة الوحدة الدفعة الأولى ولم يتم موافاتنا من السلطة المحلية بوضع هذه المبادرات ونقترح النزول الميادني الى مواقع المبادرات لمعرفة فاعلية المجتمع والبت بمثل هكذا مبادرات,,,,,,,,,,,,الثانية
507,إب,الثانية,ذي السفال,رصف طريق بيت المليكي,400,اعمال انشائية,"9,906,025.0","7,936,250.0","1,969,775.0",4,190,0,0,0,0,0,0,715,0,"8,644,350",306,200,106,0,0,0,0,0,0,0,0,0,0,"890,000",متوقف با نتظار ما تبقى من مساهمة الوحدة لاستكمال الاعمال,,,,,,,,,,,,الثانية
508,إب,الثانية,ذي السفال,رصف طريق بيت الجندي (مرحلة أولى),3200,اعمال انشائية,"5,752,498.5","2,809,950.0","2,942,548.5",0,0,0,0,0,0,0,0,0,0,0,525,0,525,0,0,0,0,0,0,0,0,0,0,0,لم يتم تشكيل لجنة مجتمعية خلال النزول لصرف مساهمة الوحدة الدفعة الأولى ولم يتم موافاتنا من السلطة المحلية بوضع هذه المبادرات ونقترح النزول الميادني الى مواقع المبادرات لمعرفة فاعلية المجتمع والبت بمثل هكذا مبادرات,,,,,,,,,,,,الثانية
509,إب,الثانية,ذي السفال,رصف طريق العرمة العليا,2500,اعمال انشائية,"15,198,705.8","11,765,544.2","3,433,161.5",4,78,0,0,0,0,0,0,248,0,"2,998,320",462,250,212,0,0,0,"1,058",500,558,0,0,0,0,"1,337,500","تم توفير الأحجار بكميات كبيرة منتظرين صرف الاسمنت ل بداية اعمال الرصف
الأهالي يطالبون بسرعة صرف الاسمنت",,,,,,,,,,,,الثانية
510,إب,الثانية,ذي السفال,رصف طريق الصفة (مرحلة أولى),34000,اعمال انشائية,"17,106,502.7","13,081,265.8","4,025,236.9",3,70,0,210,0,0,0,45,640,0,"9,864,100",559,300,259,0,0,0,"1,163",550,613,0,0,0,0,"1,582,500",الاعمال المنفذة غير مطابقة,,,,,,,,,,,,الثانية
511,إب,الثانية,ذي السفال,رصف طريق الرويس,1800,اعمال انشائية,"8,735,842.0","6,983,900.0","1,751,942.0",0,0,0,0,0,0,0,0,0,0,0,270,0,270,0,0,0,0,0,0,0,0,0,0,0,لم يتم تشكيل لجنة مجتمعية خلال النزول لصرف مساهمة الوحدة الدفعة الأولى ولم يتم موافاتنا من السلطة المحلية بوضع هذه المبادرات ونقترح النزول الميادني الى مواقع المبادرات لمعرفة فاعلية المجتمع والبت بمثل هكذا مبادرات,,,,,,,,,,,,الثانية
512,إب,الثانية,ذي السفال,رصف طريق الجشاعة,2300,اعمال انشائية,"16,871,400.0","13,605,000.0","3,266,400.0",4,243,0,0,165,0,14,34,972,0,"13,056,840",525,425,100,0,0,0,0,0,0,0,0,0,0,"1,891,250",مبادرة منجزة ويجب نزول فريق مشترك من إدارة الوحدة من الإدارات المعنية وفريق الوحدة بالمحافظة والسلطة المحلية والجهات المعنية لاغلاقها وتسليمها للجهات المعنية,,,,,,,,,,,,الثانية
513,إب,الثانية,ذي السفال,رصف طريق الجرف,2600,اعمال انشائية,"12,747,898.0","10,249,100.0","2,498,798.0",5,190,0,0,190,0,0,17,980,0,"11,929,410",396,396,-1,0,0,0,0,0,0,0,0,0,0,"1,762,200",الاعمال منجزة بشكل جيد,,,,,,,,,,,,الثانية
514,إب,الثانية,ذي السفال,رصف طريق  العسكر الجفيين,2000,اعمال انشائية,"8,874,634.5","6,834,342.3","2,040,292.2",4,180,0,0,0,0,0,0,795,0,"9,256,800",270,270,-1,0,0,0,569,300,269,0,0,0,0,"1,335,500",مبادرة منجزة ويجب نزول فريق مشترك من إدارة الوحدة من الإدارات المعنية وفريق الوحدة بالمحافظة والسلطة المحلية والجهات المعنية لاغلاقها وتسليمها للجهات المعنية,,,,,,,,,,,,الثانية
515,إب,الثانية,ذي السفال,رصف طريق  الظهر العقام بحرانة,3600,اعمال انشائية,"16,009,290.0","12,426,076.9","3,583,213.1",4,240,0,0,0,0,0,0,960,0,"11,606,400",490,100,390,0,0,0,"1,034",515,519,0,0,0,0,"686,750",يوجد خلاف حول اللجنة المجتمعية,,,,,,,,,,,,الثانية
516,إب,الثانية,ذي السفال,رصف خرساني شارع حارة المشروع (المرحلة الأولى),100000,اعمال ترابية واعمال انشائية,"25,755,354.2","11,616,000.2","14,139,354.0",0,0,0,0,0,0,0,0,0,0,0,"2,548",0,"2,548",0,0,0,"1,002",0,"1,002",0,0,0,0,0,متوقف بسبب انتظار تدخل أي جهة لحل مشكلة المجاري قبل الرصف ،وقد تم الرفع مؤخرا من قبل السلطة المحلية باستبدال الكمية المعتمدة الى مشروع جسر الجعاشن.,,,,,,,,,,,,الثانية
517,إب,الثانية,ذي السفال,رصف خرساني شارع المركزي (المرحلة الأولى),80000,اعمال ترابية واعمال انشائية,"29,451,524.8","13,368,631.3","16,082,893.5",0,0,0,0,0,0,0,0,0,0,0,"2,848",0,"2,848",0,0,0,"1,666",0,"1,666",0,0,0,0,0,متوقف بسبب انتظار تدخل أي جهة لحل مشكلة المجاري قبل الرصف ،وقد تم الرفع مؤخرا من قبل السلطة المحلية باستبدال الكمية المعتمدة الى مشروع جسر الجعاشن.,,,,,,,,,,,,الثانية
518,إب,الثانية,ذي السفال,رصف خرساني شارع الثلاثين الخط الطالع (المرحلة الأولى),50000,اعمال ترابية واعمال انشائية,"39,416,632.4","17,998,681.6","21,417,950.8",0,0,0,0,0,0,0,0,0,0,0,"3,732",0,"3,732",0,0,0,"2,916",0,"2,916",0,0,0,0,0,متوقف بسبب انتظار تدخل أي جهة لحل مشكلة المجاري قبل الرصف ،وقد تم الرفع مؤخرا من قبل السلطة المحلية باستبدال الكمية المعتمدة الى مشروع جسر الجعاشن.,,,,,,,,,,,,الثانية
519,إب,الثانية,ذي السفال,رصف حجري للفتحة المقابل لشارع الثلاثين المؤدية للشارع الخلفي الموازي ل الشارع العام,2000,اعمال ترابية واعمال انشائية,"7,717,890.4","5,918,691.7","1,799,198.7",0,0,0,0,0,0,0,0,0,0,0,281,0,281,0,0,0,39,0,39,0,0,0,0,0,متوقف بسبب انتظار تدخل أي جهة لحل مشكلة المجاري قبل الرصف ،وقد تم الرفع مؤخرا من قبل السلطة المحلية باستبدال الكمية المعتمدة الى مشروع جسر الجعاشن.,,,,,,,,,,,,الثانية
520,إب,الثانية,ذي السفال,رصف الطريق الرابط بين شوائط والعقيرة,2500,اعمال انشائية,"15,072,664.7","11,670,458.8","3,402,205.8",0,0,0,0,0,0,0,0,0,0,0,459,0,459,0,0,0,"1,039",0,"1,039",0,0,0,0,0,خلاف اللجنة المجتمعية ونقترح النزول لمعرفة اخر المستجدات,,,,,,,,,,,,الثانية
521,إب,الثانية,ذي السفال,رصف الطريق الرابط بين الحبلة  والعنسيين (مرحلة أولى),13000,اعمال انشائية,"15,754,751.3","11,961,421.2","3,793,330.1",4,235,0,0,0,0,0,119,940,0,"15,652,350",530,530,-1,0,0,0,"1,074","1,074",0,0,0,0,0,"2,636,500",الاعمال منجزة بشكل جيد,,,,,,,,,,,,الثانية
522,إب,الثانية,ذي السفال,رصف الطريق الرابط بين الحبلة  والثومان,11000,اعمال انشائية,"10,093,160.6","7,663,145.0","2,430,015.6",3,60,0,0,0,0,0,0,242,0,"2,632,520",329,100,229,0,0,0,682,340,342,0,0,0,0,"551,500",تم العمل في المشروع في غير المسا ر بالدفعة الأولى من الاسمنت، وتم سحب الدفعة الثانية 100 كيس وتحويلها الى مبادرة رصف طريق ممسى حيبان وذلك نظرا لعدم فاعليتها وبحسب الرفع من السلطة المحلية,,,,,,,,,,,,الثانية
523,إب,الثانية,ذي السفال,رصف الطريق الرابط بين الثومان والعارضة (مرحلة أولى),11000,اعمال انشائية,"15,683,843.5","12,044,717.9","3,639,125.6",4,198,0,0,0,0,0,40,792,0,"11,075,280",499,260,239,0,0,0,"1,072","1,072",0,0,0,0,0,"983,200",يتم العمل في المشروع بصورة جيدة بالإضافة الى تنفيذ اعمال ترابية بمسارات اخرة على نفس الطريق,,,,,,,,,,,,الثانية
524,إب,الثانية,ذي السفال,رصف الشاهد الجب,300,اعمال انشائية,"8,280,079.9","6,368,364.4","1,911,715.5",4,160,0,0,0,0,0,0,752,0,"8,940,320",251,251,0,0,0,0,530,530,0,0,0,0,0,"1,380,550",الاعمال منجزة بشكل جيد,,,,,,,,,,,,الثانية
525,إب,الثانية,ذي السفال,رصف احجار لتصريف المياه وحماية الازفلت خط ذي السفال ابتداً من الشارع العام الى بداية شارع الثلاثين الترابي,15000,اعمال انشائية,"12,334,250.0","9,900,000.0","2,434,250.0",0,0,0,0,0,0,0,0,0,0,0,385,0,385,0,0,0,0,0,0,0,0,0,0,0,متوقف بسبب انتظار تدخل أي جهة لحل مشكلة المجاري قبل الرصف ،وقد تم الرفع مؤخرا من قبل السلطة المحلية باستبدال الكمية المعتمدة الى مشروع جسر الجعاشن.,,,,,,,,,,,,الثانية
526,إب,الثانية,ذي السفال,دراسة مشروع استكمال رصف عقاب طريق ممسي الوصر (مرحلة اولى),6500,اعمال انشائية,"15,572,317.7","12,034,620.4","3,537,697.3",5,310,0,75,40,0,0,160,612,7,"13,710,245",480,335,145,0,0,0,"1,071",535,536,0,0,0,0,"1,681,000",مبادرة منجزة ويجب نزول فريق مشترك من إدارة الوحدة من الإدارات المعنية وفريق الوحدة بالمحافظة والسلطة المحلية والجهات المعنية لصرف ماتبقى للمبادرة من مساهمة الوحدة واغلاقها وتسليمها للجهات المعنية,,,,,,,,,,,,الثانية
527,إب,الثانية,ذي السفال,جدران وعبارة بني عبدالله,9000,اعمال انشائية,"8,477,583.4","5,297,863.5","3,179,719.9",0,0,0,0,0,0,0,0,0,0,0,522,0,522,0,0,0,346,0,346,0,0,0,0,0,لم يتم تشكيل لجنة مجتمعية خلال النزول لصرف مساهمة الوحدة الدفعة الأولى ولم يتم موافاتنا من السلطة المحلية بوضع هذه المبادرات ونقترح النزول الميادني الى مواقع المبادرات لمعرفة فاعلية المجتمع والبت بمثل هكذا مبادرات,,,,,,,,,,,,الثانية
528,إب,الثانية,ذي السفال,إستكمال جدران ورصف عقاب طريق فجرات (مرحلة أولى),800,اعمال انشائية,"12,900,827.3","9,651,848.1","3,248,979.2",0,0,0,0,0,0,0,0,0,0,0,459,0,459,0,0,0,859,0,859,0,0,0,0,0,لم يتم تشكيل لجنة مجتمعية خلال النزول لصرف مساهمة الوحدة الدفعة الأولى ولم يتم موافاتنا من السلطة المحلية بوضع هذه المبادرات ونقترح النزول الميادني الى مواقع المبادرات لمعرفة فاعلية المجتمع والبت بمثل هكذا مبادرات,,,,,,,,,,,,الثانية
529,إب,الثانية,ذي السفال,إستكمال جدران ورصف عقاب طريق بيت الاسد,1400,اعمال انشائية,"14,038,997.9","10,542,237.3","3,496,760.5",4,70,0,0,0,0,0,29,335,0,"4,720,870",494,200,294,0,0,0,938,450,488,0,0,0,0,"1,092,500",نسبة الإنجاز أقل من مساهمة الوحدة المنصرفة,,,,,,,,,,,,الثانية
530,إب,الثانية,ذي السفال,إستكمال جدران ورصف عقاب طريق الجيئات,3000,اعمال انشائية,"13,975,143.0","10,811,869.2","3,163,273.8",4,298,0,0,0,0,0,33,"1,008",0,"13,279,070",425,425,0,0,0,0,962,962,0,0,0,0,0,"2,056,250",نسبة الإنجاز أعلى من مساهمة الوحدة المنصرفة,,,,,,,,,,,,الثانية
531,إب,الثانية,ذي السفال,استكمال شق ورصف طريق ذي الحيكل بيت الجرادي احوال الراعي,2200,اعمال ترابية واعمال انشائية,"31,963,708.2","24,253,714.5","7,709,993.7",4,450,"1,000",156,450,0,0,0,320,0,"4,934,200",991,357,634,0,0,0,"3,346",846,"2,500",0,0,0,0,"1,588,550",تم صرف كميات الديزل ليتم استكمال اعمال التوسعة والشق,,,,,,,,,,,,الثانية
532,إب,الثانية,ذي السفال,استكمال رصف عقاب طريق المضيئة (مرحلة أولى),7500,اعمال انشائية,"27,640,513.5","21,260,651.9","6,379,861.6",4,140,0,0,0,0,0,0,560,0,"6,770,400",896,334,562,0,0,0,"1,893",750,"1,143",0,0,0,0,"1,892,800",تم سحب  230 كيس من كمية الاسمنت المنصرفة والتي كانت متواجدة بالمخازن  بسبب عدم قدرة الأهالي على التنفيذ وتم تحويلها الى مبادرتي رصف طريق سائلة النمر ومبادرة رصف عقاب طريق العدانة ، وذلك  حفاظا على تلف الاسمنت بينما  وبحسب المعيارية لا يزال هناك قرابة 138كيس لم يتم استخدامه  وخلال النزول سيتم البت بالموضوع والتاكد من الكمية المستخدمة وكما يتبقى لدى اللجنة زايضا البت بموضوع بإعادة دعمهم في حال التزامهم وبضمان السلطة المحلية والجمعية التعاونية بتنفيذ الاعمال ا,,,,,,,,,,,,الثانية
533,إب,الربع الثاني من العام 1446هـ,ذي السفال,رصف طريق سائلة النمر,,#N/A,"16,266,396.0","13,279,363.2","2,987,032.8",4,130,0,0,0,0,0,0,455,0,"5,500,950",470,130,340,0,0,0,306,0,306,,,,,"442,000",مبادرة نشطة، تم تحويل الكمية  من مبادرة رصف دار الهدة بحسب مذكرة من السلطة المحلية بالمديرية وقد تم تنفيذ الاعمال بها ويطالبون بكمية أخرى لاستكمال الاعمال,,,,,,,,,,,,
534,إب,الربع الرابع من العام 1446هـ,ريف اب,رصف طريق قريضات العليا والسفلى,,#N/A,"28,207,724.2","24,576,140.0","3,631,584.2",4,65,0,0,0,0,0,0,260,0,"3,143,400",665,120,545,0,0,0,0,0,0,,,,,"436,140",العمل متوقف لتجميع مساهمة الأهالي,,,,,,,,,,,,
535,إب,الربع الاول من العام 1446هـ,ريف اب,رصف طريق عشاي بيت الجبل,2000,اعمال انشائية,"16,235,344.1","3,361,062.6","12,874,281.5",4,120,0,0,0,0,0,0,480,0,"5,803,200",451,250,201,0,0,0,968,250,718,0,0,0,0,"1,137,500",العمل متوقف لتجميع مساهمة الأهالي,,,,,,,,,,,,الملحقة
536,إب,الربع الاول من العام 1446هـ,ريف اب,رصف طريق ريمان الحيفة,1000,اعمال انشائية,"8,709,504.9","1,859,586.4","6,849,918.5",3,150,0,0,0,0,0,0,490,0,"5,924,100",240,70,170,0,0,0,507,0,507,0,0,0,0,"290,000",بانتظار الاسمنت لاستكمال الاعمال,,,,,,,,,,,,الملحقة
537,إب,الربع الرابع من العام 1446هـ,ريف اب,رصف طريق جبات,,#N/A,"12,960,252.6","8,106,769.5","4,853,483.1",3,70,0,0,0,0,0,0,0,42,"2,898,000","1,082",200,882,0,0,0,0,0,0,,,,,"726,900",العمل متوقف لتجميع مساهمة الأهالي,,,,,,,,,,,,
538,إب,الربع الرابع من العام 1446هـ,ريف اب,رصف طريق بيت السريحي,,#N/A,"42,163,127.9","34,985,275.6","7,177,852.3",4,202,0,0,0,0,0,0,424,28,"7,038,315","1,450",280,"1,170",0,0,0,0,0,0,,,,,"1,017,660",العمل يجري بصورة جيدة,,,,,,,,,,,,
539,إب,الربع الرابع من العام 1446هـ,ريف اب,رصف طريق المحدادة,,#N/A,"29,578,888.3","25,836,567.2","3,742,321.0",4,70,0,0,0,0,0,0,295,0,"3,566,550",683,130,553,0,0,0,79,0,79,,,,,"472,485",تم الصرف مؤخرا للمبادرة منذ اقل من نصف شهر ولم يتم تقييمها بعد,,,,,,,,,,,,
540,إب,الربع الرابع من العام 1446هـ,ريف اب,رصف طريق الضبرة,,#N/A,-,-,-,4,100,0,0,0,0,0,0,400,0,"4,836,000",227,50,177,0,0,0,14,0,14,,,,,"181,725",العمل متوقف لتجميع مساهمة الأهالي,,,,,,,,,,,,
541,إب,الربع الرابع من العام 1446هـ,ريف اب,رصف طريق الحقلة,,#N/A,"12,248,193.5","10,303,450.0","1,944,743.5",3,35,0,0,0,0,0,105,0,0,"3,937,500",360,80,280,0,0,0,0,0,0,,,,,"266,760",لم يتم تشكيل لجنة مجتمعية خلال النزول لصرف مساهمة الوحدة الدفعة الأولى ولم يتم موافاتنا من السلطة المحلية بوضع هذه المبادرات ونقترح النزول الميادني الى مواقع المبادرات لمعرفة فاعلية المجتمع والبت بمثل هكذا مبادرات,,,,,,,,,,,,
542,إب,الربع الاول من العام 1446هـ,ريف اب,رصف طريق الحجير القريتين,500,اعمال انشائية,"11,532,741.1","4,722,905.1","6,809,836.0",5,285,0,0,0,0,0,45,"1,236",40,"16,965,360",821,400,421,0,0,0,264,0,264,0,0,0,0,"1,480,000",العمل متوقف لتجميع مساهمة الأهالي,,,الملحقة,#REF!,,,,,,,,
543,إب,الربع الاول من العام 1446هـ,ريف اب,رصف طريق الحجفة,2000,اعمال انشائية,"25,181,275.2","5,198,312.1","19,982,963.1",4,134,0,0,0,0,0,0,616,0,"7,447,440",715,400,315,0,0,0,"1,484",300,"1,184",0,0,0,0,"1,742,500",العمل يمر بشكل جيد,,,,,,,,,,,,الملحقة
544,إب,الربع الرابع من العام 1446هـ,ريف اب,رصف طريق الجحلة,,#N/A,"31,058,285.3","26,346,675.0","4,711,610.3",4,197,0,0,0,0,0,96,380,0,"7,960,200",914,150,764,0,0,0,0,0,0,,,,,"502,500",العمل ممتاز ومتوقف بانتظار مساهمة الوحدة حيث تم صرف 150 كيس من مبادرة رصف الشارع الرئيسي - الزامة المناخ,,,,,,,,,,,,
545,إب,الربع الرابع من العام 1446هـ,ريف اب,رصف طريق السر,,#N/A,"12,160,491.1","9,772,742.0","2,387,749.1",4,113,0,0,0,0,0,0,402,0,"4,854,135",471,100,371,0,0,0,0,0,0,,,,,"363,450",تم الصرف مؤخرا للمبادرة منذ اقل من نصف شهر ولم يتم تقييمها بعد,,,,,,,,,,,,
546,إب,الثانية,ريف إب,رصف طريق ممسى اللواء الاخضر - عسيق خرائب - الدفانه - الصوافي - طنبه,5000,اعمال ترابية واعمال انشائية,"32,606,272.3","25,977,834.6","6,628,437.6",6,302,0,0,302,0,0,0,"1,852",0,"22,446,248",908,708,200,0,0,0,"1,981",660,"1,321",0,0,0,0,"3,130,750",العمل  مستمر ونقترح صرف الاسمنت المتبقي,,,,,,,,,,,,الثانية
547,إب,الثانية,ريف إب,رصف طريق فراد السماري العكدة,800,اعمال انشائية,"6,692,167.5","5,234,653.8","1,457,513.7",0,0,0,0,0,0,0,0,0,0,0,184,0,184,0,0,0,388,0,388,0,0,0,0,0,لم يتم تشكيل لجنة مجتمعية خلال النزول لصرف مساهمة الوحدة الدفعة الأولى ولم يتم موافاتنا من السلطة المحلية بوضع هذه المبادرات ونقترح النزول الميادني الى مواقع المبادرات لمعرفة فاعلية المجتمع والبت بمثل هكذا مبادرات,,,,,,,,,,,,الثانية
548,إب,الثانية,ريف إب,رصف طريق عقبة حصن خشافة عزلة ريمان (مرحلة اولى),1300,اعمال انشائية,"14,547,385.0","6,837,174.8","7,710,210.2",0,0,0,0,0,0,0,0,0,0,0,"1,427",0,"1,427",0,0,0,0,0,0,0,0,0,0,0,لم يتم تشكيل لجنة مجتمعية خلال النزول لصرف مساهمة الوحدة الدفعة الأولى ولم يتم موافاتنا من السلطة المحلية بوضع هذه المبادرات ونقترح النزول الميادني الى مواقع المبادرات لمعرفة فاعلية المجتمع والبت بمثل هكذا مبادرات,,,,,,,,,,,,الثانية
549,إب,الثانية,ريف إب,رصف طريق عزلة الموية,1400,اعمال انشائية,"34,801,750.2","27,734,421.2","7,067,329.0",6,217,0,0,100,0,0,76,"1,302",0,"18,607,705",968,584,384,0,0,0,"2,124",708,"1,416",0,0,0,0,"2,727,300",العمل متوقف منذ اكثر من أسبوعين ويطالبون بكمية من الاسمنت,,,,,,,,,,,,الثانية
550,إب,الثانية,ريف إب,رصف طريق جبل مشرقي,1000,اعمال انشائية,"5,897,944.8","4,597,883.1","1,300,061.7",0,0,0,0,0,0,0,0,0,0,0,161,0,161,0,0,0,349,0,349,0,0,0,0,0,لم يتم تشكيل لجنة مجتمعية خلال النزول لصرف مساهمة الوحدة الدفعة الأولى ولم يتم موافاتنا من السلطة المحلية بوضع هذه المبادرات ونقترح النزول الميادني الى مواقع المبادرات لمعرفة فاعلية المجتمع والبت بمثل هكذا مبادرات,,,,,,,,,,,,الثانية
551,إب,الثانية,ريف إب,رصف طريق الوادي,3000,اعمال ترابية واعمال انشائية,"4,389,777.6","2,011,920.0","2,377,857.6",0,0,0,0,0,0,0,0,0,0,0,420,0,420,0,0,0,0,0,0,0,0,0,0,0,لم يتم تشكيل لجنة مجتمعية خلال النزول لصرف مساهمة الوحدة الدفعة الأولى ولم يتم موافاتنا من السلطة المحلية بوضع هذه المبادرات ونقترح النزول الميادني الى مواقع المبادرات لمعرفة فاعلية المجتمع والبت بمثل هكذا مبادرات,,,,,,,,,,,,الثانية
552,إب,الثانية,ريف إب,رصف طريق المنائي _ المنزل,2000,اعمال انشائية,"2,497,791.2","1,875,901.5","621,889.7",0,0,0,0,0,0,0,0,0,0,0,66,0,66,0,0,0,142,0,142,0,0,0,0,0,لم يتم تشكيل لجنة مجتمعية خلال النزول لصرف مساهمة الوحدة الدفعة الأولى ولم يتم موافاتنا من السلطة المحلية بوضع هذه المبادرات ونقترح النزول الميادني الى مواقع المبادرات لمعرفة فاعلية المجتمع والبت بمثل هكذا مبادرات,,,,,,,,,,,,الثانية
553,إب,الثانية,ريف إب,رصف طريق المطامط - الحجاري - جبل برط - الاحضري - العدوف - عين,5000,اعمال ترابية واعمال انشائية,"38,306,122.3","30,541,013.8","7,765,108.5",5,236,0,0,236,0,0,0,"1,454",0,"17,064,144","1,067",700,367,0,0,0,"2,325",800,"1,525",0,0,0,0,"3,293,450",قد بداء الأهالي بالعمل في جزء معين من الطريق ونحتاج الى نزول ميداني حيث ان رئيس اللجنة مستلم مبادرتين ويوجد عندة لبس في نقل الكميات الينا,,,,,,,,,,,,الثانية
554,إب,الثانية,ريف إب,رصف طريق المجمعة - المحجر,2000,اعمال ترابية واعمال انشائية,"11,448,573.6","5,365,120.0","6,083,453.6",6,306,0,0,0,0,0,14,"1,683",0,"20,872,470","1,120",709,411,0,0,0,0,0,0,0,0,0,0,"2,515,150",العمل تم بشكل جيد وهي مبادرة منجزة ويتم تجهيز الأحجار حاليا استعدادا للمرحلة الثانية للمشروع,,,,,,,,,,,,الثانية
555,إب,الثانية,ريف إب,رصف طريق المالح السايلة,2000,اعمال انشائية,"20,410,348.2","15,819,425.8","4,590,922.3",4,137,0,0,0,0,0,0,548,0,"6,625,320",647,270,377,0,0,0,"1,224",450,774,0,0,0,0,"1,384,890",تم العمل بالمبادرة قبل شهر بوتيرة عالية وتوقفت لعدم قدرة الأهالي على جمع مساهمتهم.,,,,,,,,,,,,الثانية
556,إب,الثانية,ريف إب,رصف طريق الكحافي,1000,اعمال انشائية,"5,548,996.3","4,318,526.9","1,230,469.3",5,103,0,0,0,0,0,0,515,0,"5,739,160",151,150,1,0,0,0,327,327,0,0,0,0,0,"680,125",العمل تم بشكل جيد وهي مبادرة منجزة ويتم تجهيز الأحجار حاليا استعدادا للمرحلة الثانية للمشروع,,,,,,,,,,,,الثانية
557,إب,الثانية,ريف إب,رصف طريق العريش,2000,اعمال انشائية,"14,454,165.1","11,446,173.8","3,007,991.3",6,157,0,0,0,0,0,0,931,0,"11,255,790",399,255,144,0,0,0,880,0,880,0,0,0,0,"874,250",تم استكمال الاعمال ويجب اغلاقها,,,,,,,,,,,,الثانية
558,إب,الثانية,ريف إب,رصف طريق الشبر _ المحاشة _ الدخلة,1100,اعمال انشائية,"28,048,548.0","22,334,523.1","5,714,024.9",4,65,0,0,0,0,0,0,260,0,"3,143,400",784,284,500,0,0,0,"1,654",0,"1,654",0,0,0,0,"1,008,200",مبادرة متوقفة  بسسب عدم قدرة الأهالي على توفير المساهمة ونقترح تحويل الكمية,,,,,,,,,,,,الثانية
559,إب,الثانية,ريف إب,رصف طريق السهلة,1000,اعمال انشائية,"9,128,632.5","7,184,192.3","1,944,440.2",0,0,0,0,0,0,0,0,0,0,0,251,0,251,0,0,0,545,0,545,0,0,0,0,0,تم مخاطبة السلطة المحلية لافادتنا ونقترح النزول لمعرفة الوضع والبت بالموضوع,,,,,,,,,,,,الثانية
560,إب,الثانية,ريف إب,رصف طريق الزامه المناخ الخط الرئيسي _ وادي الذراع المشراق,2000,اعمال انشائية,"15,189,735.5","7,142,316.0","8,047,419.5",4,425,0,0,0,0,0,0,630,20,"8,969,100","1,491",645,846,0,0,0,0,0,0,0,0,0,0,"2,359,750",المبادرة منجزة بحسب المستخدم حيث تم سحب 150 كيس لمبادرة الجحلة و200 كيس لمبادرة الجحلة -الجبل,,,,,,,,,,,,الثانية
561,إب,الثانية,ريف إب,رصف طريق الاكمة محجر السيفي,700,اعمال انشائية,"25,215,558.8","20,066,173.1","5,149,385.7",4,442,0,0,0,0,0,0,"1,768",0,"21,375,120",704,200,504,0,0,0,"1,486",886,600,0,0,0,0,"1,804,550",المبادرة متوقفة لعدم قدرة الأهالي على توفير المواد بسبب حالتهم المعيشة الصعبة,,,,,,,,,,,,الثانية
562,إب,الثانية,ريف إب,إستكمال رصف طريق بلد شار العلياء و السفلئ - المحاشة - نجد العلبة (المرحلة الاولى),2600,اعمال انشائية,"29,138,159.3","23,206,965.4","5,931,193.9",0,0,0,0,0,0,0,0,0,0,0,815,0,815,0,0,0,"1,719",0,"1,719",0,0,0,0,0,لم يتم تشكيل لجنة مجتمعية خلال النزول لصرف مساهمة الوحدة الدفعة الأولى ولم يتم موافاتنا من السلطة المحلية بوضع هذه المبادرات ونقترح النزول الميادني الى مواقع المبادرات لمعرفة فاعلية المجتمع والبت بمثل هكذا مبادرات,,,,,,,,,,,,الثانية
563,إب,الثانية,ريف إب,المجمعة - الضبرة - الرداد,1000,اعمال انشائية,"6,795,358.1","5,316,302.3","1,479,055.7",0,0,0,0,0,0,0,0,0,0,0,186,0,186,0,0,0,403,0,403,0,0,0,0,0,تم مخاطبة السلطة المحلية لافادتنا ونقترح النزول لمعرفة الوضع والبت بالموضوع,,,,,,,,,,,,الثانية
564,إب,الثانية,ريف إب,العدوف  - معرى عليان - الجميمه,2000,اعمال ترابية واعمال انشائية,"31,674,251.0","25,230,861.5","6,443,389.5",4,339,0,0,339,0,0,0,"1,347",0,"16,347,606",881,515,366,0,0,0,"1,933",966,967,0,0,0,0,"2,721,800",اتم التوقف لفترة بسبب الامطار وحاليا يتم تجهيز الأحجار ونقلها للطريق حسب قول الأهالي  ونقترح صرف كمية الاسمنت المتبقية,,,,,,,,,,,,الثانية
565,إب,الثانية,ريف إب,الخيراف - المبنى - الحرجه - الحجيل - المعين - الجبجبة,1500,اعمال ترابية واعمال انشائية,"26,489,540.0","21,080,615.4","5,408,924.6",4,659,0,386,659,0,0,0,"1,306",0,"16,373,459",736,468,268,0,0,0,"1,615","1,338",277,0,0,0,0,"1,906,900",قد تم العمل بكمية كبيرة ويحتاجون الى كمية من الاسمنت,,,,,,,,,,,,الثانية
566,إب,الثانية,ريف إب,استكمال رصف عزلة الروس + الضبر + نعمان,2000,اعمال انشائية,"11,416,131.7","9,014,861.1","2,401,270.6",5,100,0,0,0,0,0,0,500,0,"6,045,000",315,200,115,0,0,0,689,344,345,0,0,0,0,"1,028,200",المبادرة متوقفة بشكل مؤقت حيت يتم تجهيز الأحجار وجمع التبرعات لاستكمال اعمال الرصف,,,,,,,,,,,,الثانية
567,إب,الثانية,ريف إب,استكمال رصف طريق مشورة - الحنامي,5000,اعمال انشائية,"8,208,224.5","6,447,053.8","1,761,170.7",0,0,0,0,0,0,0,0,0,0,0,225,0,225,0,0,0,492,0,492,0,0,0,0,0,لم يتم تشكيل لجنة مجتمعية خلال النزول لصرف مساهمة الوحدة الدفعة الأولى ولم يتم موافاتنا من السلطة المحلية بوضع هذه المبادرات ونقترح النزول الميادني الى مواقع المبادرات لمعرفة فاعلية المجتمع والبت بمثل هكذا مبادرات,,,,,,,,,,,,الثانية
568,إب,الثانية,ريف إب,استكمال رصف طريق صرعدد,200,اعمال انشائية,"9,618,655.0","7,575,846.2","2,042,808.8",5,80,0,0,0,0,0,0,398,0,"4,669,920",265,100,165,0,0,0,580,0,580,0,0,0,0,"363,450",قد تم العمل بالكمية السابقة كاملة وقد بادر الأهالي برصف 50 متر طولي من عندهم والان منتظرين الدعم بالاسمنت.,,,,,,,,,,,,الثانية
569,إب,الثانية,ريف إب,استكمال رصف طريق سواد,2000,اعمال انشائية,"4,269,350.0","3,293,846.2","975,503.8",0,0,0,0,0,0,0,0,0,0,0,115,0,115,0,0,0,252,0,252,0,0,0,0,0,تم مخاطبة السلطة المحلية لافادتنا ونقترح النزول لمعرفة الوضع والبت بالموضوع,,,,,,,,,,,,الثانية
570,إب,الثانية,ريف إب,استكمال رصف طريق حبر _ منزل الشعراني,200,اعمال انشائية,"4,269,350.0","3,293,846.2","975,503.8",0,0,0,0,0,0,0,0,0,0,0,115,0,115,0,0,0,252,0,252,0,0,0,0,0,تم مخاطبة السلطة المحلية لافادتنا ونقترح النزول لمعرفة الوضع والبت بالموضوع,,,,,,,,,,,,الثانية
571,إب,الثانية,ريف إب,استكمال رصف طريق المسوح,3000,اعمال انشائية,"29,337,490.0","23,359,538.5","5,977,951.5",0,0,0,0,0,0,0,0,0,0,0,815,0,815,0,0,0,"1,797",0,"1,797",0,0,0,0,0,تم مخاطبة السلطة المحلية لافادتنا ونقترح النزول لمعرفة الوضع والبت بالموضوع,,,,,,,,,,,,الثانية
572,إب,الثانية,ريف إب,استكمال رصف طريق الظهار - نوابات - العوادي - الضرائمه - السرة,2000,اعمال ترابية واعمال انشائية,"35,922,511.8","28,632,503.8","7,290,007.9",5,389,0,0,214,0,0,61,"2,140",0,"27,265,946","1,000",870,130,0,0,0,"2,184","1,092","1,092",0,0,0,0,"4,108,740",العمل يجري بصورة جيدة وبالفترة الأخيرة وبسبب الامطار يجري العمل ببطئ,,,,,,,,,,,,الثانية
573,إب,الثانية,ريف إب,استكمال رصف طريق الذنيبة _ معرية,2000,اعمال انشائية,"8,681,973.0","6,826,292.3","1,855,680.7",5,100,0,0,0,0,0,0,500,0,"6,045,000",239,170,69,0,0,0,521,250,271,0,0,0,0,"843,750",مبادرة منجزة ويجب نزول فريق مشترك من إدارة الوحدة من الإدارات المعنية وفريق الوحدة بالمحافظة والسلطة المحلية والجهات المعنية لصرف ماتبقى للمبادرة من مساهمة الوحدة واغلاقها وتسليمها للجهات المعنية,,,,,,,,,,,,الثانية
574,إب,الثانية,ريف إب,استكمال رصف طريق الجرابئ - ذي حماده - المحجر,0,اعمال ترابية واعمال انشائية,"20,578,109.4","20,578,109.4",-,5,86,0,0,30,0,0,0,387,0,"4,684,350",572,336,236,0,0,0,"1,239",413,826,0,0,0,0,"1,574,625",العمل يمر بشكل جيد ويحتاجون كمية من الاسمنت,,,,,,,,,,,,الثانية
575,إب,الثانية,ريف إب,استكمال رصف طريق- احوال عقبه - المحل,1000,اعمال ترابية واعمال انشائية,"20,525,685.5","20,525,685.5",-,5,250,0,0,0,0,0,0,"1,250",0,"15,112,500",570,400,170,0,0,0,"1,244",550,694,0,0,0,0,"1,667,500",تم تدشين العمل مؤخرا وبشكل ممتاز ويحتاجون ما تبقى من اسمنت وديزل لاستكمال الاعمال وقد تم اقترح الصرف لهم من الكمية الموردة مؤخرا ليتم انجاز المبادرة واغلاقها,,,,,,,,,,,,الثانية
576,إب,الربع الرابع من العام 1446هـ,ريف إب,رصف طريق المحشاية و عدن مدفن,1868,اعمال انشائية,"9,926,440.0","7,247,520.0","2,678,920.0",4,40,0,0,0,0,0,0,160,0,"1,934,400",560,110,450,0,0,0,0,0,0,,,,,"399,795",العمل يجري بصورة جيدة,,,,,,,,,,,,
577,إب,الربع الرابع من العام 1446هـ,ريف إب,رصف طريق شاكان المصنعة,1869,اعمال انشائية,-,-,-,4,100,0,0,0,0,0,0,400,0,"4,836,000",0,100,-100,0,0,0,0,0,0,,,,,"358,000",العمل جيد الا انه  لم يتم الرفع بالدراسة للمبادرة وقد تم الرفع بعرض ومقترح تكليف للإدارة العامة بتكليف مهندسين للرفع بالدراسات الناقصة,,,,,,,,,,,,
578,إب,الربع الرابع من العام 1446هـ,ريف اب,رصف طريق الجحلة -الجبل,,اعمال انشائية,-,-,-,4,165,0,0,0,0,0,0,578,0,"6,981,975",200,200,0,0,0,0,0,0,0,,,,,"726,900",تم صرف 200 كيس من مبادرة الشارع الرئيسي - الزامة المناخ وقد تم استهلاكها وسيتم النزول للرفع بالدراسة وصرف كمية من مساهمة الوحدة من الدفعة القادمة في حال ابدا المجتمع تفاعله.,,,,,,,,,,,,
579,أيلول,الربع الرابع من العام 1446هـ,ريف إب,رصف طريق مشورة,,اعمال انشائية,-,-,-,0,0,0,0,0,0,0,0,0,0,0,140,0,140,0,0,0,0,0,0,,,,,0,0%,,,,,,,,,,,,
580,إب,الثانية,ريف إب,استكمال رصف طرق عزلة حرد,2000,اعمال انشائية,"28,638,396.6","22,802,626.4","5,835,770.2",4,116,0,0,0,0,0,0,464,0,"5,609,760",797,200,597,0,0,0,"1,729",0,"1,729",0,0,0,0,"730,000",العمل متوقف وقد تم صرف كمية من الديزل لتكسير الأحجار واستئناف الاعمال,,,,,,,,,,,,الثانية
581,إب,الملحقة,فرع العدين,رصف نقيل قشوبة,3000,اعمال انشائية,"8,384,200.0","6,840,000.0","1,544,200.0",4,165,0,0,0,0,0,10,598,0,"7,489,175",230,230,0,0,0,0,0,0,0,0,0,0,0,"851,000",العمل متوقف حتى يتم صرف الاسمنت لاستكمال باقي الاعمال,,,,,,,,,,,,موجودات ضمن تقرير الموقف ولا يوجد مصفوفات معمدة
582,إب,الأولى,فرع العدين,رصف طلعة الهشامي,1500,اعمال انشائية,"7,687,536.8","5,038,728.0","2,648,808.8",3,80,0,0,0,0,0,0,240,16,"3,978,000",210,324,-114,0,0,0,0,0,0,0,0,0,0,"1,198,800",تم صرف كمية 140 اكبر من المعتمد كمرحلة ثانية للمشروع الا انه تم قطع امر صرف واحد بكمية 139 كيس  والتي كانت متبقية بمخازن المديرية على ان يكون منها 25 كيس تكملة لمساهمتنا بالمرحلة الاولى للمشروع و140 للمرحلة الثانية,,,,,,,,,,,,الأولى
583,إب,الملحقة,فرع العدين,رصف طلعة الشهيد بشار,3000,اعمال انشائية,"6,367,923.5","5,164,200.0","1,203,723.5",4,150,0,0,0,0,0,0,525,0,"5,992,500",174,120,54,0,0,0,0,0,0,0,0,0,0,"444,000",العمل منجز ويحتاج الى محضر اغلاق,,,,,,,,,,,,موجودات ضمن تقرير الموقف ولا يوجد مصفوفات معمدة
584,إب,الأولى,فرع العدين,رصف طريق نقيل عسقي الأسفل,3000,اعمال انشائية,"27,605,653.2","18,258,230.0","9,347,423.2",5,245,0,0,0,0,0,0,"1,225",0,"14,810,250",760,519,241,0,0,0,0,0,0,0,0,0,0,"1,920,300",اعتذر الأهالي عن استمرار العمل في المشروع لضروف مالية,,,,,,,,,,,,الأولى
585,إب,الأولى,فرع العدين,رصف طريق نقيل شهاب,3000,اعمال انشائية,"19,740,395.8","13,100,692.8","6,639,703.0",3,243,0,0,0,0,0,0,931,0,"11,090,240",546,373,173,0,0,0,0,0,0,0,0,0,0,"1,380,100",العمل متوقف حتى يتم استكمال صرف الوحدة,,,,,,,,,,,,الأولى
586,إب,الثانية,فرع العدين,رصف طريق نقيل خرشباة,650,اعمال انشائية,"31,456,274.2","21,393,069.8","10,063,204.4",0,0,0,0,0,0,0,0,0,0,0,876,0,876,0,0,0,"1,900",0,"1,900",0,0,0,0,0,لم يتم تشكيل لجنة مجتمعية خلال النزول لصرف مساهمة الوحدة الدفعة الأولى ولم يتم موافاتنا من السلطة المحلية بوضع هذه المبادرات ونقترح النزول الميادني الى مواقع المبادرات لمعرفة فاعلية المجتمع والبت بمثل هكذا مبادرات,,,,,,,,,,,,الثانية
587,إب,الثانية,فرع العدين,رصف طريق نقيل الكريف الحفر,650,اعمال انشائية,"10,351,605.1","6,969,176.9","3,382,428.2",4,165,0,0,0,0,0,13,620,0,"7,768,845",285,285,0,0,0,0,619,0,619,0,0,0,0,"1,054,500",العمل مستمر في تحضير باقي العقبات وبانتضار مادة الاسمنت حتى يتم بدء العمل,,,,,,,,,,,,الثانية
588,إب,الأولى,فرع العدين,رصف طريق نقيل الكريبي,2000,اعمال انشائية,"17,555,815.1","11,639,461.7","5,916,353.4",0,0,0,0,0,0,0,0,0,0,0,485,0,485,0,0,0,0,0,0,0,0,0,0,0,لم يتم تشكيل لجنة مجتمعية خلال النزول لصرف مساهمة الوحدة الدفعة الأولى ولم يتم موافاتنا من السلطة المحلية بوضع هذه المبادرات ونقترح النزول الميادني الى مواقع المبادرات لمعرفة فاعلية المجتمع والبت بمثل هكذا مبادرات,,,,,,,,,,,,الأولى
589,إب,الثانية,فرع العدين,رصف طريق نقيل الثلث,4000,اعمال انشائية,"13,651,208.0","9,206,986.1","4,444,221.9",3,175,0,0,0,0,0,0,551,0,"6,655,545",377,200,177,0,0,0,828,0,828,0,0,0,0,"740,000",العمل متوقف حتى يتم صرف الاسمنت لاستكمال باقي الاعمال كما ان جميع المواد متوفرة,,,,,,,,,,,,الثانية
590,إب,الثانية,فرع العدين,رصف طريق مشيجبة,850,اعمال انشائية,"1,949,326.5","1,226,666.8","722,659.7",3,35,0,0,0,0,0,6,105,0,"1,443,050",50,50,0,0,0,0,109,0,109,0,0,0,0,"185,000",متوقف بسبب تجهيز المواد لاستكمال العقبة الاخرى,,,,,,,,,,,,الثانية
591,إب,الثانية,فرع العدين,رصف طريق قرية السهيلا,922,اعمال انشائية,"5,538,979.5","3,680,000.5","1,858,979.0",3,260,0,0,0,0,0,0,795,0,"9,540,600",151,151,0,0,0,0,327,0,327,0,0,0,0,"558,700",مبادرة منجزة ويجب نزول فريق مشترك من إدارة الوحدة من الإدارات المعنية وفريق الوحدة بالمحافظة والسلطة المحلية والجهات المعنية لاغلاقها وتسليمها للجهات المعنية,,,,,,,,,,,,الثانية
592,إب,الملحقة,فرع العدين,رصف طريق علب التربة,2000,اعمال انشائية,"4,263,891.0","3,412,200.0","851,691.0",3,50,0,0,0,0,0,3,175,0,"2,110,000",116,50,66,0,0,0,0,0,0,0,0,0,0,"225,600",العمل متوقف  لذا تم سحب 66 كيس اسمنت بالتنسيق مع السلطة المحلية بالمديرية وتحويلها لمبادرات أخرى,,,,,,,,,,,,موجودات ضمن تقرير الموقف ولا يوجد مصفوفات معمدة
593,إب,الملحقة,فرع العدين,رصف طريق ظهرة حصابي,500,اعمال انشائية,"4,824,262.5","3,877,500.0","946,762.5",4,100,0,0,0,0,0,0,350,0,"4,231,500",131,131,0,0,0,0,0,0,0,0,0,0,0,"484,700",العمل منجز ويحتاج الى محضر اغلاق,,,,,,,,,,,,موجودات ضمن تقرير الموقف ولا يوجد مصفوفات معمدة
594,إب,الثانية,فرع العدين,رصف طريق طنوحة المقلاع,3760,اعمال ترابية واعمال انشائية,"10,212,320.4","6,852,242.6","3,360,077.8",4,72,0,0,0,0,0,0,272,0,"3,193,880",281,100,181,0,0,0,621,0,621,0,0,0,0,"370,000",العمل متوقف لذا تم سحب 100 كيس من مخازن المبادرة بالتنسيق مع السلطة المحلية بالمديرية,,,,,,,,,,,,الثانية
595,إب,الثانية,فرع العدين,رصف طريق طلعة قحفة عامر,500,اعمال انشائية,"5,753,384.3","4,652,060.0","1,101,324.3",3,100,0,0,0,0,0,11,304,0,"4,097,769",157,157,0,0,0,0,0,0,0,0,0,0,0,"580,900",تم تنفيذ اعمال وبنود خارج مسار الدراسة بحاجة لاضافتها,,,,,,,,,,,,الثانية
596,إب,الثانية,فرع العدين,رصف طريق طلعة الهتار,1500,اعمال ترابية واعمال انشائية,"8,762,393.3","5,848,823.2","2,913,570.1",3,110,0,25,0,0,0,6,330,0,"4,171,700",240,80,160,0,0,0,552,0,552,0,0,0,0,"296,000",العمل متوقف لذا تم سحب 160 كيس من مخازن المبادرة بالتنسيق مع السلطة المحلية بالمديرية,,,,,,,,,,,,الثانية
597,إب,الثانية,فرع العدين,رصف طريق طلعة المقبرة الشعوب,1100,اعمال ترابية واعمال انشائية,"9,163,990.7","6,047,875.5","3,116,115.3",3,135,0,0,0,0,0,61,405,24,"8,845,470",248,248,0,0,0,0,646,0,646,0,0,0,0,"917,600",متوقف دون معرفة الأسباب بسبب عدم تجاوب اللجنةويجب النزول لمعرفة الأسباب,,,,,,,,,,,,الثانية
598,إب,الثانية,فرع العدين,رصف طريق طلعة المشرافة قرية اسيمة,700,اعمال انشائية,"9,173,571.4","6,163,836.8","3,009,734.6",3,75,0,0,0,0,0,2,306,0,"3,772,665",253,60,193,0,0,0,547,0,547,0,0,0,0,"222,000",العمل متوقف لذا تم سحب 193 كيس اسمنت بالتنسيق مع السلطة المحلية بالمديرية,,,,,,,,,,,,الثانية
599,إب,الملحقة,فرع العدين,رصف طريق طلعة المدهف,450,اعمال انشائية,"6,169,154.1","4,994,220.0","1,174,934.1",3,200,0,0,0,0,0,0,600,0,"7,254,000",169,169,0,0,0,0,0,0,0,0,0,0,0,"625,300",العمل منجز ويحتاج الى محضر اغلاق,,,,,,,,,,,,موجودات ضمن تقرير الموقف ولا يوجد مصفوفات معمدة
600,إب,الملحقة,فرع العدين,رصف طريق شعب النقيل - البرادة,1500,اعمال انشائية,"6,076,356.3","4,921,250.0","1,155,106.3",4,181,0,0,0,0,0,0,748,0,"8,691,460",166,166,0,0,0,0,0,0,0,0,0,0,0,"614,200",المبادرة منجزة ويطالبون باعتماد مرحلة ثانية من الدعم لاستكمال باقي الاعمال كما ان جميع المواد متوفرة,,,,,,,,,,,,موجودات ضمن تقرير الموقف ولا يوجد مصفوفات معمدة
601,إب,الثانية,فرع العدين,رصف طريق رأس النجد والكريف,800,اعمال انشائية,"12,862,846.0","8,685,537.5","4,177,308.5",3,200,0,0,0,0,0,0,626,0,"7,445,360",356,356,0,0,0,0,771,0,771,0,0,0,0,"1,317,200",العمل متوقف حتى يتم صرف الاسمنت لاستكمال باقي الاعمال كما ان جميع المواد متوفرة,,,,,,,,,,,,الثانية
602,إب,الأولى,فرع العدين,رصف طريق دومان,1500,اعمال انشائية,"9,081,148.7","5,970,892.7","3,110,256.0",0,0,0,0,0,0,0,0,0,0,0,249,0,249,0,0,0,0,0,0,0,0,0,0,0,لم يتم تشكيل لجنة مجتمعية خلال النزول لصرف مساهمة الوحدة الدفعة الأولى ولم يتم موافاتنا من السلطة المحلية بوضع هذه المبادرات ونقترح النزول الميادني الى مواقع المبادرات لمعرفة فاعلية المجتمع والبت بمثل هكذا مبادرات,,,,,,,,,,,,الأولى
603,إب,الملحقة,فرع العدين,رصف طريق خليد,500,اعمال انشائية,"2,874,951.5","2,307,320.0","567,631.5",3,65,0,0,0,0,0,0,195,0,"2,357,550",78,50,28,0,0,0,0,0,0,0,0,0,0,0,0%,,,,,,,,,,,,الملحقة
604,إب,الثانية,فرع العدين,رصف طريق حناهب الاحسون,540,اعمال انشائية,"40,175,685.6","27,182,091.9","12,993,593.7",4,210,0,0,0,0,0,48,735,0,"10,189,500","1,157",400,757,0,0,0,"2,423",523,"1,900",0,0,0,0,"1,480,000",العمل متوقف حتى يتم صرف الاسمنت لاستكمال باقي الاعمال كما ان جميع المواد متوفرة,,,,,,,,,,,,الثانية
605,إب,الثانية,فرع العدين,رصف طريق جبل رويعاء العلياء والسفلى والمقارة,850,اعمال انشائية,"7,534,883.1","4,957,702.8","2,577,180.3",4,70,0,0,0,0,0,32,280,0,"4,585,200",226,100,126,0,0,0,444,0,444,0,0,0,0,"370,000",متوقف ولم يتجاوب معنا رئيس اللجنة,,,,,,,,,,,,الثانية
606,إب,الأولى,فرع العدين,رصف طريق جباش العرمة,4000,اعمال انشائية,"35,662,143.3","23,716,026.1","11,946,117.2",3,490,0,0,0,0,0,0,"1,577",0,"18,798,528",988,624,364,0,0,0,0,0,0,0,0,0,0,"2,308,800",العمل متوقف حتى يتم استكمال صرف الوحدة,,,,,,,,,,,,الأولى
607,إب,الثانية,فرع العدين,رصف طريق الوعرة في قرية الشعب والمزحانة,5522,اعمال انشائية,"13,143,860.9","8,871,975.2","4,271,885.7",3,335,0,0,0,0,0,0,"1,171",0,"13,414,780",363,363,0,0,0,0,791,0,791,0,0,0,0,"1,343,100",مبادرة منجزة ويجب نزول فريق مشترك من إدارة الوحدة من الإدارات المعنية وفريق الوحدة بالمحافظة والسلطة المحلية والجهات المعنية لاغلاقها وتسليمها للجهات المعنية,,,,,,,,,,,,الثانية
608,إب,الأولى,فرع العدين,رصف طريق المقاديح,4700,اعمال انشائية,"8,793,537.6","5,713,022.6","3,080,515.0",4,325,0,0,0,0,0,0,"1,138",0,"13,752,375",238,238,-1,0,0,0,0,0,0,0,0,0,0,"880,600",مبادرة منجزة ويجب نزول فريق مشترك من إدارة الوحدة من الإدارات المعنية وفريق الوحدة بالمحافظة والسلطة المحلية والجهات المعنية لاغلاقها وتسليمها للجهات المعنية,,,,,,,,,,,,الأولى
609,إب,الثانية,فرع العدين,رصف طريق المشهد,600,اعمال انشائية,"7,626,120.0","6,204,000.0","1,422,120.0",3,60,0,0,0,0,0,0,180,0,"2,176,200",210,76,134,0,0,0,0,0,0,0,0,0,0,"281,200",لم يستلموا مساهمة الوحدة,,,,,,,,,,,,الثانية
610,إب,الملحقة,فرع العدين,رصف طريق المزحانة - القحفه,1000,اعمال انشائية,"3,861,655.4","3,081,180.0","780,475.4",3,80,0,0,0,0,0,12,280,0,"3,646,000",104,104,0,0,0,0,0,0,0,0,0,0,0,"384,800",المبادرة منجزة ولا زال العمل مستمر ويطالبون باعتماد مرحلة ثانية للمشروع,,,,,,,,,,,,موجودات ضمن تقرير الموقف ولا يوجد مصفوفات معمدة
611,إب,الأولى,فرع العدين,رصف طريق المدد,1500,اعمال انشائية,"5,804,277.6","3,779,046.0","2,025,231.6",4,112,0,0,0,0,0,0,422,0,"4,960,080",158,158,-1,0,0,0,0,0,0,0,0,0,0,"584,600",مبادرة منجزة ويجب نزول فريق مشترك من إدارة الوحدة من الإدارات المعنية وفريق الوحدة بالمحافظة والسلطة المحلية والجهات المعنية لاغلاقها وتسليمها للجهات المعنية,,,,,,,,,,,,الأولى
612,إب,الأولى,فرع العدين,رصف طريق الكعدة الشعبين وادي بوكر,6500,اعمال انشائية,"17,356,628.9","10,786,162.3","6,570,466.6",3,245,0,0,0,0,0,0,735,0,"8,886,150",629,315,314,0,0,0,0,0,0,0,0,0,0,"1,165,500","كمية الاعمال المنجزة في بند الرصف الحجري اكثر من المعتمدة  , وهناك بنود اعمال معتمدة في الدراسة لم تنفذ.",,,,,,,,,,,,الأولى
613,إب,الملحقة,فرع العدين,رصف طريق الكعدة البيضاء - قمل,568,اعمال انشائية,"7,252,539.0","5,893,800.0","1,358,739.0",3,279,0,0,0,0,0,23,837,0,"10,963,080",200,200,-1,0,0,0,0,0,0,0,0,0,0,"740,000",تهيئة جسم الطريق للرصف وتجهيز الأحجار لاستكمال باقي العقبات كمرحلة ثانية,,,,,,,,,,,,موجودات ضمن تقرير الموقف ولا يوجد مصفوفات معمدة
614,إب,الملحقة,فرع العدين,رصف طريق الكدرة,2500,اعمال انشائية,"8,694,745.0","7,238,000.0","1,456,745.0",3,140,0,0,0,0,0,0,420,0,"5,077,800",245,136,109,0,0,0,0,0,0,0,0,0,0,"503,200",متوقف دون معرفة الأسباب بسبب عدم تجاوب اللجنةويجب النزول لمعرفة الأسباب,,,,,,,,,,,,الملحقة
615,إب,الثانية,فرع العدين,رصف طريق القطاع الكدر,850,اعمال انشائية,"19,967,435.8","16,462,360.0","3,505,075.8",3,190,0,0,0,0,0,0,570,0,"6,891,300",555,200,355,0,0,0,0,0,0,0,0,0,0,"740,000",متوقف,,,,,,,,,,,,الثانية
616,إب,الملحقة,فرع العدين,رصف طريق العوارض,658,اعمال انشائية,"14,967,960.0","12,312,000.0","2,655,960.0",3,146,0,0,0,0,0,0,335,18,"5,183,856",414,150,264,0,0,0,0,0,0,0,0,0,0,"555,000",العمل متوقف حتى يتم صرف الاسمنت لاستكمال باقي الاعمال كما ان جميع المواد متوفرة,,,,,,,,,,,,موجودات ضمن تقرير الموقف ولا يوجد مصفوفات معمدة
617,إب,الثانية,فرع العدين,رصف طريق العقاقي,600,اعمال ترابية واعمال انشائية,"16,388,832.3","10,304,001.5","6,084,830.8",0,0,0,0,0,0,0,0,0,0,0,422,0,422,0,0,0,"1,702",0,"1,702",0,0,0,0,0,لم يتم تشكيل لجنة مجتمعية خلال النزول لصرف مساهمة الوحدة الدفعة الأولى ولم يتم موافاتنا من السلطة المحلية بوضع هذه المبادرات ونقترح النزول الميادني الى مواقع المبادرات لمعرفة فاعلية المجتمع والبت بمثل هكذا مبادرات,,,,,,,,,,,,الثانية
618,إب,الملحقة,فرع العدين,رصف طريق العقابي,500,اعمال انشائية,"4,186,435.0","3,420,000.0","766,435.0",0,0,0,0,0,0,0,0,0,0,0,115,0,115,0,0,0,0,0,0,0,0,0,0,0,تم سحب 50 كيس فور استلامها بسبب عدم تفاعل المجتمع ويطالبون حاليا بالدعم للبدء بالاعمال كون المجتمع قد قام بتوفير مساهمتهم,,,,,,,,,,,,الملحقة
619,إب,الملحقة,فرع العدين,رصف طريق العارضة,800,اعمال انشائية,"5,571,424.5","4,497,900.0","1,073,524.5",3,151,0,0,0,0,0,0,453,0,"5,476,770",152,152,0,0,0,0,0,0,0,0,0,0,0,"562,400",العمل متوقف حتى يتم صرف الاسمنت لاستكمال باقي الاعمال كما ان جميع المواد متوفرة,,,,,,,,,,,,موجودات ضمن تقرير الموقف ولا يوجد مصفوفات معمدة
620,إب,الثانية,فرع العدين,رصف طريق الصريفة قرية الشهلي,800,اعمال انشائية,"9,379,324.2","6,300,312.3","3,079,011.9",4,55,0,0,0,0,0,0,0,41,"2,808,300",258,258,0,0,0,0,562,0,562,0,0,0,0,"954,600",تم تنفيذ اعمال وبنود خارج مسار الدراسة بحاجة لاضافتها,,,,,,,,,,,,الثانية
621,إب,الثانية,فرع العدين,رصف طريق الصرفة الغربية قحفة عامر,700,اعمال انشائية,"11,091,441.7","7,328,901.8","3,762,539.9",4,149,0,0,0,0,0,187,463,0,"12,574,234",338,338,0,0,0,0,659,0,659,0,0,0,0,"1,250,600",العمل متوقف ولم يقوموا باي عمل جديد كما ان التقرير المستلم من رئيس اللجنة مبالغ فية بالنسبة لتقييم الإنجاز,,,,,,,,,,,,الثانية
622,إب,الثانية,فرع العدين,رصف طريق الشرقية,2500,اعمال انشائية,"15,604,798.7","10,352,795.4","5,252,003.3",3,104,0,0,0,0,0,0,312,0,"3,772,080",477,100,377,0,0,0,931,0,931,0,0,0,0,"370,000",العمل متوقف لذا تم سحب 100 كيس اسمنت بالتنسيق مع السلطة المحلية بالمديرية,,,,,,,,,,,,الثانية
623,إب,الملحقة,فرع العدين,رصف طريق السهلة - الجلة,1500,اعمال انشائية,"5,384,634.0","4,342,800.0","1,041,834.0",3,130,0,0,0,0,0,0,390,0,"4,715,100",147,147,0,0,0,0,0,0,0,0,0,0,0,"543,900",المبادرة منجزة ويطالبون باعتماد مرحلة ثانية من الدعم لاستكمال باقي الاعمال كما ان جميع المواد متوفرة,,,,,,,,,,,,موجودات ضمن تقرير الموقف ولا يوجد مصفوفات معمدة
624,إب,الأولى,فرع العدين,رصف طريق السنفة الحجفة الروية الدينا,2000,اعمال انشائية,"13,939,957.4","9,220,872.2","4,719,085.2",4,296,0,0,0,0,0,0,960,82,"17,257,500",384,384,0,0,0,0,0,0,0,0,0,0,0,"1,420,800",مبادرة منجزة ويجب نزول فريق مشترك من إدارة الوحدة من الإدارات المعنية وفريق الوحدة بالمحافظة والسلطة المحلية والجهات المعنية لاغلاقها وتسليمها للجهات المعنية,,,,,,,,,,,,الأولى
625,إب,الملحقة,فرع العدين,رصف طريق السكن الطبي,50,اعمال انشائية,"1,594,697.5","1,197,000.0","397,697.5",0,0,0,0,0,0,0,0,0,0,0,40,0,40,0,0,0,0,0,0,0,0,0,0,0,لم يتم تشكيل لجنة مجتمعية خلال النزول لصرف مساهمة الوحدة الدفعة الأولى ولم يتم موافاتنا من السلطة المحلية بوضع هذه المبادرات ونقترح النزول الميادني الى مواقع المبادرات لمعرفة فاعلية المجتمع والبت بمثل هكذا مبادرات,,,,,,,,,,,,موجودات ضمن تقرير الموقف ولا يوجد مصفوفات معمدة
626,إب,الملحقة,فرع العدين,رصف طريق الجرف الحوائل,1000,اعمال انشائية,"8,746,863.0","7,134,600.0","1,612,263.0",3,77,0,0,0,0,0,8,81,27,"2,677,890",242,80,162,0,0,0,0,0,0,0,0,0,0,"296,000",العمل متوقف بسبب الأعياد وسوف يتم استكمال الاعمال من الأسبوع القادم,,,,,,,,,,,,موجودات ضمن تقرير الموقف ولا يوجد مصفوفات معمدة
627,إب,الأولى,فرع العدين,رصف طريق الاعقاص-المسيلة,1500,اعمال انشائية,"5,804,277.6","3,779,046.0","2,025,231.6",3,154,0,0,0,0,0,0,462,0,"5,585,580",158,158,-1,0,0,0,0,0,0,0,0,0,0,"584,600",مبادرة منجزة ويجب نزول فريق مشترك من إدارة الوحدة من الإدارات المعنية وفريق الوحدة بالمحافظة والسلطة المحلية والجهات المعنية لاغلاقها وتسليمها للجهات المعنية,,,,,,,,,,,,الأولى
628,إب,الأولى,فرع العدين,رصف طريق الاشراف الزرة,2500,اعمال انشائية,"9,453,935.0","6,177,156.9","3,276,778.1",3,154,0,0,0,0,0,0,529,0,"6,078,700",257,129,128,0,0,0,0,0,0,0,0,0,0,"477,300",العمل متوقف حتى يتم استكمال صرف الوحدة,,,,,,,,,,,,الأولى
629,إب,الثانية,فرع العدين,رصف طريق اجياب السائلة شعب حمران,635,اعمال انشائية,"17,960,583.8","12,150,055.0","5,810,528.8",3,210,0,0,0,0,0,0,686,0,"8,028,860",503,200,303,0,0,0,"1,080",0,"1,080",0,0,0,0,"740,000",العمل متوقف وبانتضار صرف مادة الاسمنت,,,,,,,,,,,,الثانية
630,إب,الثانية,فرع العدين,رصف طريق  وادي بوكر أسفل مدرسة النور,500,اعمال انشائية,"4,891,985.0","3,234,301.8","1,657,683.2",3,140,0,0,0,0,0,0,420,0,"5,077,800",133,100,33,0,0,0,289,0,289,0,0,0,0,"370,000",مبادرة منجزة ويجب نزول فريق مشترك من إدارة الوحدة من الإدارات المعنية وفريق الوحدة بالمحافظة والسلطة المحلية والجهات المعنية لاغلاقها وتسليمها للجهات المعنية,,,,,,,,,,,,الثانية
631,إب,الأولى,فرع العدين,رصف طريق  الاشعاب - شعب حمران,3000,اعمال انشائية,"10,393,152.6","6,848,471.1","3,544,681.4",3,155,0,0,0,0,0,0,465,0,"5,621,850",285,143,142,0,0,0,0,0,0,0,0,0,0,"529,100",العمل متوقف,,,,,,,,,,,,الأولى
632,إب,الملحقة,فرع العدين,رصف خرساني طلعة المخلف وسط القرية,3000,اعمال انشائية,"3,584,746.1","1,650,336.0","1,934,410.1",3,157,0,0,0,0,0,11,0,60,"4,536,858",336,336,0,0,0,0,0,0,0,0,0,0,0,"1,243,200",تم انجاز الاعمال ويجب اغلاقها,,,,,,,,,,,,موجودات ضمن تقرير الموقف ولا يوجد مصفوفات معمدة
633,إب,الأولى,فرع العدين,رصف بعض المناطق لطريق القحاطن-مركز المديرية,8000,اعمال انشائية,"53,483,816.1","35,069,416.4","18,414,399.7",0,0,0,0,0,0,0,0,0,0,0,"1,616",0,"1,616",0,0,0,0,0,0,قطع كمية (1750) حجر للمشروع بالكمبريشن التابع للوحدة,"621,300","621,300",0,0,لم يتم تشكيل لجنة مجتمعية خلال النزول لصرف مساهمة الوحدة الدفعة الأولى ولم يتم موافاتنا من السلطة المحلية بوضع هذه المبادرات ونقترح النزول الميادني الى مواقع المبادرات لمعرفة فاعلية المجتمع والبت بمثل هكذا مبادرات,,,,,,,,,,,,الأولى
634,إب,الثانية,فرع العدين,رصف الطرق الوعرة في قرية العرعرة,4467,اعمال انشائية,"19,463,910.0","13,196,726.7","6,267,183.3",3,285,0,0,0,0,0,0,859,0,"10,082,590",541,200,341,0,0,0,"1,172",0,"1,172",0,0,0,0,"740,000",العمل متوقف ومنتضرين لصرف الاسمنت لاستكمال بقية العقبات,,,,,,,,,,,,الثانية
635,إب,الملحقة,فرع العدين,جدار ساند بطلعة البير,350,اعمال انشائية,"6,180,000.0","4,680,000.0","1,500,000.0",1,172,0,0,0,0,0,158,525,0,"12,281,250",234,234,0,0,0,0,0,0,0,0,0,0,0,"865,800",العمل مكتمل وبحاجة الى محضر اغلاق,,,,,,,,,,,,موجودات ضمن تقرير الموقف ولا يوجد مصفوفات معمدة
636,إب,الملحقة,فرع العدين,صب سطح مواقف السيارات واستكمال رصف طريق الكشاح,3000,اعمال انشائية,"10,304,295.1","6,684,920.0","3,619,375.1",4,50,0,0,0,0,0,0,0,70,"4,830,000",634,634,0,0,0,0,0,0,0,0,0,0,0,"2,345,800",متوقف دون معرفة الأسباب بسبب عدم تجاوب اللجنةويجب النزول لمعرفة الأسباب,P,,موجودات ضمن تقرير الموقف ولا يوجد مصفوفات معمدة,#REF!,,,0,,,,,
637,إب,الربع الثاني من العام 1446هـ,فرع العدين,رصف طريق طلعة دار القوز,805,اعمال انشائية,"31,320,590.0","27,460,400.0","3,860,190.0",4,230,0,0,0,0,0,0,920,0,"11,122,800",736,200,536,0,0,0,0,0,0,,,,,"670,000",العمل يجري بصورة جيدة وبحاجة الى كمية من مساهمة الوحدة,,,,,,,,,,,,
638,إب,الربع الثاني من العام 1446هـ,فرع العدين,رصف طريق طلعة مدرسة سبأ,3860,اعمال انشائية,"19,891,288.0","17,665,300.0","2,225,988.0",3,75,0,0,0,0,0,0,225,0,"2,720,250",394,80,314,0,0,0,0,0,0,,,,,"268,000",تم تنفيذ الاعمال بحسب المنصرف,,,,,,,,,,,,
639,إب,الربع الثاني من العام 1446هـ,فرع العدين,رصف طريق الأحجار,,اعمال انشائية,-,-,-,3,100,0,0,0,0,0,0,300,0,"3,627,000",0,50,-50,0,0,0,0,0,0,,,,,"167,500",تم تنفيذ الاعمال بحسب المنصرف,,,,,,,,,,,,
640,إب,الربع الثاني من العام 1446هـ,مذيخرة,رصف عقبة كبار,,#N/A,"12,910,318.7","10,977,910.0","1,932,408.7",5,135,0,0,0,0,0,0,675,0,"8,160,750",370,278,92,0,0,0,0,0,0,,,,,"1,010,391",العمل يجري بصورة جيدة,,,,,,,,,,,,
641,إب,الربع الثاني من العام 1446هـ,مذيخرة,رصف عقبة المعقاب.,,#N/A,"6,020,581.8","5,179,275.0","841,306.8",0,0,0,0,0,0,0,0,0,0,0,175,0,175,0,0,0,0,0,0,,,,,0,تم البدء بالعمل مؤخرا,,,,,,,,,,,,
642,إب,الربع الثاني من العام 1446هـ,مذيخرة,رصف عقبة المحناشة المرحلة الاولى.,,#N/A,"32,732,833.5","27,869,350.0","4,863,483.5",3,95,0,0,0,0,0,0,285,0,"3,445,650",990,300,690,0,0,0,0,0,0,,,,,"1,090,350",تم البدء بالعمل مؤخرا,,,,,,,,,,,,
643,إب,الربع الثاني من العام 1446هـ,مذيخرة,رصف عقبة العرامة,,#N/A,"24,075,364.2","20,316,380.0","3,758,984.2",6,185,0,0,0,0,0,0,"1,110",0,"13,419,900",765,650,115,0,0,0,0,0,0,,,,,"2,362,425",العمل يجري بصورة جيدة,,,,,,,,,,,,
644,إب,الربع الثاني من العام 1446هـ,مذيخرة,رصف حجري لعقاب (مدرسة  علي سريع),,#N/A,-,-,-,4,82,0,0,0,0,0,49,328,0,"5,810,520",0,100,-100,0,0,0,0,0,0,,,,,"363,450",تم البدء بالعمل مؤخرا,P,,,,,,,,,,,
645,إب,الربع الثاني من العام 1446هـ,مذيخرة,رصف طريق دهران,,#N/A,-,-,-,4,120,0,0,0,0,0,0,480,0,"5,803,200",100,100,0,0,0,0,0,0,0,,,,,"363,450",العمل يجري بصورة جيدة,P,,,,,,,,,,,
646,إب,الربع الثاني من العام 1446هـ,مذيخرة,رصف عقبة الحوجر,,#N/A,"27,270,285.2","23,173,335.0","4,096,950.2",0,0,0,0,0,0,0,0,0,0,0,830,0,830,0,0,0,0,0,0,,,,,0,في انتظار مساهمة الوحدة من الاسمنت,,,,,,,,,,,,
647,إب,الربع الثاني من العام 1446هـ,مذيخرة,رصف طريق جبل السودان المرحلة الاولى,,#N/A,"73,669,308.0","64,097,360.0","9,571,948.0",4,140,0,0,0,0,0,0,508,0,"6,135,675","1,915",515,"1,400",0,0,0,0,0,0,,,,,"1,871,768",العمل يجري بصورة بطيئة,,,,,,,,,,,,
648,إب,الربع الثاني من العام 1446هـ,مذيخرة,رصف طريق الساعة,7172,انشائية,"18,149,012.0","15,669,200.0","2,479,812.0",4,160,0,0,0,0,0,0,640,0,"7,737,600",474,200,274,0,0,0,0,0,0,,,,,"864,000",تم تنفيذ الاعمال بحسب المنصرف,,,,,,,,,,,,
649,إب,الثانية,مذيخرة,عمل صبيات واستكمال الخط بمدخل مركز المدينة,100000,اعمال انشائية,"21,593,538.0","10,314,600.0","11,278,938.0",0,0,0,0,0,0,0,0,0,0,0,"2,100",0,"2,100",0,0,0,0,0,0,0,0,0,0,0,من المبادرات التي لم يتم صرف مساهمة الوحدة لها  لعدم تشكيل لجان مجتمعية ولم نتمكن من معرفة وضعها حيث تم مخاطبة  السلطة المحلية بالمديرية  بمذكرة لافادتنا عن وضع المبادراة مالم سيتم اغلاقها وادراجها ضمن مشاريع المبادرات المجتمعية المتعثرة بالمديرية,,,,,,,,,,,,الثانية
650,إب,الثانية,مذيخرة,رصف عقبة وادي عبان  اعلا,600,اعمال انشائية,"16,128,455.9","12,787,862.3","3,340,593.5",4,86,0,0,0,0,0,0,179,38,"4,640,260",447,447,0,0,0,0,969,485,484,0,0,0,0,"2,388,000",العمل متوقف حتى يتم تجميع الدعم من الاهالي لاستكمال الاعمال,,,,,,,,,,,,الثانية
651,إب,الثانية,مذيخرة,رصف عقبة عمار بن ياسر,4000,اعمال انشائية,"2,996,991.0","2,275,430.8","721,560.2",5,34,0,0,0,0,0,0,0,34,"2,346,000",80,80,-1,0,0,0,174,174,0,0,0,0,0,"363,900","منجز وقد تم تنفيذ اعمال وبنود خارج مسار الدراسة
'العمل منجز ويحتاج الى محضر اغلاق",,,,,,,,,,,,الثانية
652,إب,الربع الثاني من العام 1446هـ,مذيخرة,شق وتوسعة طريق ذي أيوب,,#N/A,-,-,-,0,0,0,0,0,0,0,0,0,0,0,0,0,0,0,0,0,"2,338",0,"2,338",,,,,0,0%,,,,,,,,,,,,
653,إب,الثانية,مذيخرة,رصف عقبة باب النجد مذيخرة,,#N/A,"7,260,727.5","5,688,576.9","1,572,150.6",4,140,0,0,0,0,0,0,560,0,"6,770,400",199,199,0,0,0,0,434,300,134,,,,,"872,800",مبادرة منجزة ويجب نزول فريق مشترك من إدارة الوحدة من الإدارات المعنية وفريق الوحدة بالمحافظة والسلطة المحلية والجهات المعنية لصرف ماتبقى للمبادرة من مساهمة الوحدة واغلاقها وتسليمها للجهات المعنية,,,,,,,,,,,,
654,إب,الثانية,مذيخرة,رصف عقبة الجبال,4000,اعمال انشائية,"12,772,960.7","10,429,057.7","2,343,903.0",4,160,0,0,0,0,0,30,680,0,"8,583,600",364,364,0,0,0,0,0,0,0,0,0,0,0,"1,286,470",العمل منجز ويحتاج الى محاضر اغلاق,,,,,,,,,,,,الثانية
655,إب,الثانية,مذيخرة,رصف عقب حلية,3000,اعمال انشائية,"6,326,775.0","4,940,769.2","1,386,005.8",4,100,0,0,0,0,0,0,475,0,"5,388,000",173,173,0,0,0,0,378,378,0,0,0,0,0,"782,700",مبادرة منجزة ويجب نزول فريق مشترك من إدارة الوحدة من الإدارات المعنية وفريق الوحدة بالمحافظة والسلطة المحلية والجهات المعنية لصرف ماتبقى للمبادرة من مساهمة الوحدة واغلاقها وتسليمها للجهات المعنية,,,,,,,,,,,,الثانية
656,إب,الثانية,مذيخرة,رصف عقاب حبز,40000,اعمال انشائية,"22,051,383.3","17,529,429.2","4,521,954.1",4,300,0,0,0,0,0,63,"1,470",0,"19,567,200",613,613,0,0,0,0,"1,329",664,665,0,0,0,0,"2,458,400",مبادرة منجزة ويجب نزول فريق مشترك من إدارة الوحدة من الإدارات المعنية وفريق الوحدة بالمحافظة والسلطة المحلية والجهات المعنية لصرف ماتبقى للمبادرة من مساهمة الوحدة واغلاقها وتسليمها للجهات المعنية,,,,,,,,,,,,الثانية
657,إب,الثانية,مذيخرة,رصف طريق نجد كشران,3000,اعمال انشائية,"9,487,597.8","7,471,560.0","2,016,037.8",0,0,0,0,0,0,0,0,0,0,0,261,0,261,0,0,0,566,0,566,0,0,0,0,0,من المبادرات التي لم يتم صرف مساهمة الوحدة لها  لعدم تشكيل لجان مجتمعية ولم نتمكن من معرفة وضعها حيث تم مخاطبة  السلطة المحلية بالمديرية  بمذكرة لافادتنا عن وضع المبادراة مالم سيتم اغلاقها وادراجها ضمن مشاريع المبادرات المجتمعية المتعثرة بالمديرية,,,,,,,,,,,,الثانية
658,إب,الثانية,مذيخرة,رصف طريق دي ملكان الى روات,3000,اعمال انشائية,"27,328,021.8","21,377,073.8","5,950,948.0",3,150,0,0,0,0,0,0,450,0,"5,440,500",836,300,536,0,0,0,"1,655",827,828,0,0,0,0,"1,883,500",لم يتم البدء بتنفيذ الاعمال بالرغم استلام الدفعة الاولى من مساهمة الوحدة من مادتي الاسمنت والديزل ونخشى عليها من التلف حيث تم التواصل مع اللجنة المجتمعية وافادزونا بانهم لايزالون بتكسير الاحجار وتوسعة الطريق,,,,,,,,,,,,الثانية
659,إب,الثانية,مذيخرة,رصف طريق حصبان,9000,اعمال انشائية,"30,029,583.1","23,870,726.9","6,158,856.1",4,916,0,351,455,0,0,460,"1,113",0,"28,360,654",845,845,0,0,0,0,"1,822",911,911,0,0,0,0,"3,384,950",تم انجاز الاعمال ويجب اغلاقها,,,,,,,,,,,,الثانية
660,إب,الثانية,مذيخرة,رصف طريق بني حمدة,2000,اعمال انشائية,"16,833,805.0","13,295,876.9","3,537,928.1",1,10,0,0,0,0,0,40,0,0,"1,500,000",478,150,328,0,0,0,"1,020",510,510,0,0,0,0,"765,000",لم يتم البدء بتنفيذ الاعمال بالرغم استلام الدفعة الاولى من مساهمة الوحدة من مادتي الاسمنت والديزل ونخشى عليها من التلف حيث تم التواصل مع اللجنة المجتمعية وافادزونا بانهم قاموا بتوزيع الاسمنت كسلفة حتى لاتتلف الكمية,,,,,,,,,,,,الثانية
661,إب,الثانية,مذيخرة,رصف طريق باب العلجة - الاروان الشخص,3000,اعمال انشائية,"4,821,048.9","3,735,780.0","1,085,268.9",4,72,0,0,0,0,0,23,360,0,"4,874,340",131,131,0,0,0,0,283,283,0,0,0,0,0,"607,720",المبادرة المنجزة والتي تم استكمال بنود الاعمال   المعتمدة وتحتاج الى محضر اغلاق,,,,,,,,,,,,الثانية
662,إب,الثانية,مذيخرة,رصف طريق المسيجيد,1200,اعمال انشائية,"12,910,535.0","10,210,923.1","2,699,611.9",5,180,0,0,0,0,0,0,660,0,"7,979,400",357,247,110,0,0,0,782,0,782,0,0,0,0,"897,722",العمل يجري بصورة جيدة,,,,,,,,,,,,الثانية
663,إب,الثانية,مذيخرة,رصف طريق المزهر النحل,4000,اعمال انشائية,"8,918,847.3","7,015,911.5","1,902,935.7",4,184,0,0,0,0,0,0,779,0,"9,214,720",245,145,100,0,0,0,535,300,235,0,0,0,0,"652,150",مبادرة منجزة ويجب نزول فريق مشترك من إدارة الوحدة من الإدارات المعنية وفريق الوحدة بالمحافظة والسلطة المحلية والجهات المعنية لصرف ماتبقى للمبادرة من مساهمة الوحدة واغلاقها وتسليمها للجهات المعنية,,,,,,,,,,,,الثانية
664,إب,الثانية,مذيخرة,رصف طريق المجارين النويرات,1500,اعمال انشائية,"11,135,506.1","7,866,255.6","3,269,250.5",4,130,0,0,0,0,0,36,350,54,"9,307,500",510,510,0,0,0,0,491,491,0,0,0,0,0,"1,883,450",لم يتم استكمال الاعمال المعتمدة حسب الدراسة حيث تم التواصل مع اللجان المجتمعية وافادونا بانه لا يتوفر لديهم الماء  لاستكمال الاعمال وانهم متعثرين  حتى يتم معالجة اشكاليةنقص المياة التي تعاني منها المنطقة,,,,,,,,,,,,الثانية
665,إب,الثانية,مذيخرة,رصف طريق العارضة العذري,3000,اعمال انشائية,"7,890,418.0","6,192,430.8","1,697,987.2",3,70,0,0,0,0,0,0,251,0,"2,840,660",216,216,0,0,0,0,474,250,224,0,0,0,0,"905,000",لايزال هنالك كمية من مادة الاسمنت لم يتم استخدامها بسبب عدم توفر مسااهمة الاهالي  وبسبب تسوية الطريق حسب افادة رئيس اللجنة المجتمعية,,,,,,,,,,,,الثانية
666,إب,الثانية,مذيخرة,رصف طريق الشجيع,4000,اعمال انشائية,"5,365,733.5","4,171,623.1","1,194,110.4",4,90,0,0,0,0,0,29,360,0,"5,454,900",146,146,0,0,0,0,318,318,0,0,0,0,0,"663,520",المبادرة منجزة وتحتاج الى محضر اغلاق,,,,,,,,,,,,الثانية
667,إب,الثانية,مذيخرة,رصف طريق الرباط المقدار,2000,اعمال انشائية,"4,821,048.9","3,735,780.0","1,085,268.9",4,104,0,0,0,0,0,0,460,0,"5,561,400",131,131,0,0,0,0,283,283,0,0,0,0,0,"607,720",المبادرة منجزة وتحتاج الى محضر اغلاق,,,,,,,,,,,,الثانية
668,إب,الثانية,مذيخرة,رصف طريق الرباط,1000,اعمال انشائية,"17,061,765.6","13,535,018.3","3,526,747.3",0,0,0,0,0,0,0,0,0,0,0,473,0,473,0,0,0,"1,026",0,"1,026",0,0,0,0,0,من المبادرات التي لم يتم صرف مساهمة الوحدة لها  لعدم تشكيل لجان مجتمعية ولم نتمكن من معرفة وضعها حيث تم مخاطبة  السلطة المحلية بالمديرية  بمذكرة لافادتنا عن وضع المبادراة مالم سيتم اغلاقها وادراجها ضمن مشاريع المبادرات المجتمعية المتعثرة بالمديرية,,,,,,,,,,,,الثانية
669,إب,الثانية,مذيخرة,رصف طريق الدهادة,2000,اعمال انشائية,"13,059,421.5","10,330,223.1","2,729,198.4",0,0,0,0,0,0,0,0,0,0,0,361,0,361,0,0,0,790,0,790,0,0,0,0,0,من المبادرات التي لم يتم صرف مساهمة الوحدة لها  لعدم تشكيل لجان مجتمعية ولم نتمكن من معرفة وضعها حيث تم مخاطبة  السلطة المحلية بالمديرية  بمذكرة لافادتنا عن وضع المبادراة مالم سيتم اغلاقها وادراجها ضمن مشاريع المبادرات المجتمعية المتعثرة بالمديرية,,,,,,,,,,,,الثانية
670,إب,الثانية,مذيخرة,رصف طريق الخنشبة القراني عزلة الاشعوب,3000,اعمال انشائية,"17,388,537.3","13,717,657.7","3,670,879.6",4,170,0,0,0,0,0,160,510,0,"6,000,000",499,200,299,0,0,0,"1,039",519,520,0,0,0,0,"947,550",متوقف عن العمل حتى يتم استكمال صرف مساهمة الوحدة,,,,,,,,,,,,الثانية
671,إب,الثانية,مذيخرة,رصف طريق الخميس النزيهة,3000,اعمال انشائية,"10,523,922.0","8,300,492.3","2,223,429.7",4,76,0,0,0,0,0,0,338,0,"3,925,600",290,100,190,0,0,0,636,350,286,0,0,0,0,"524,500",تم استكمال مقطع الرصف وقد أوضح الأهالي باكتفائهم بالعمل وتم رفع مذكرة من السلطة المحلية بتحويل بقية الكمية المعتمدة لمبادرة جديدة,,,,,,,,,,,,الثانية
672,إب,الثانية,مذيخرة,رصف طريق الاوجنة,1000,اعمال انشائية,"7,886,931.5","5,950,121.5","1,936,809.9",4,62,0,0,0,0,0,91,217,7,"6,517,830",265,265,0,0,0,0,461,461,0,0,0,0,0,"1,199,450",تم انجاز الاعمال ويجب اغلاقها,,,,,,,,,,,,الثانية
673,إب,الثانية,مذيخرة,رصف طريق الاسناف,4000,اعمال انشائية,"8,208,224.5","6,447,053.8","1,761,170.7",3,110,0,0,0,0,0,0,384,0,"4,491,200",225,225,0,0,0,0,492,492,0,0,0,0,0,"1,013,600",لم يتم البدء منذ استلام الدفعة الثانية حسب افادة اللجنة المجتمعية بسبب عدم تفاعل الاهالي وتوفير مساهمتهم من المواد,,,,,,,,,,,,الثانية
674,إب,الثانية,مذيخرة,رصف طريق الاحقاق الهجم,10000,اعمال انشائية,"17,304,257.5","13,727,269.2","3,576,988.3",4,201,0,0,0,0,0,99,"1,005",0,"14,912,220",479,479,0,0,0,0,"1,058",529,529,0,0,0,0,"1,930,580",مبادرة منجزة ويجب نزول فريق مشترك من إدارة الوحدة من الإدارات المعنية وفريق الوحدة بالمحافظة والسلطة المحلية والجهات المعنية لصرف ماتبقى للمبادرة من مساهمة الوحدة واغلاقها وتسليمها للجهات المعنية,,,,,,,,,,,,الثانية
675,إب,الثانية,مذيخرة,استكمال شق فرع الخنشبة الشخص مع رصف وجدران ساندة,1200,اعمال انشائية,"18,901,082.0","14,610,814.6","4,290,267.3",4,339,485,0,421,0,0,75,"1,207",0,"17,919,529",605,605,0,0,0,0,"1,125",562,563,0,0,0,0,"2,385,800",مبادرة منجزة ويجب نزول فريق مشترك من إدارة الوحدة من الإدارات المعنية وفريق الوحدة بالمحافظة والسلطة المحلية والجهات المعنية لصرف ماتبقى للمبادرة من مساهمة الوحدة واغلاقها وتسليمها للجهات المعنية,,,,,,,,,,,,الثانية
676,إب,الثانية,مذيخرة,استكمال رصف عقبة وتران,7000,اعمال انشائية,"7,260,727.5","5,688,576.9","1,572,150.6",0,0,0,0,0,0,0,0,0,0,0,199,0,199,0,0,0,434,434,0,0,0,0,0,"217,000",تم تسليم مادة الديزل للمبادرة حتى يقوم بتجهيز الاحجار ولم يتم تسليم مادة الاسمنت   بسبب اعتذار اللجنة المجتمعية عن جهوزيتهم الكاملة  بالبدء بتنفيذ المبادرة,,,,,,,,,,,,الثانية
677,إب,الثانية,مذيخرة,استكمال رصف عقبة الهجين,3500,اعمال انشائية,"10,103,218.5","7,964,007.7","2,139,210.8",0,0,0,0,0,0,0,0,0,0,0,278,0,278,0,0,0,607,607,0,0,0,0,0,"303,500",تم تسليم مادة الديزل للمبادرة حتى يقوم بتجهيز الاحجار ولم يتم تسليم مادة الاسمنت   بسبب اعتذار اللجنة المجتمعية عن جهوزيتهم الكاملة  بالبدء بتنفيذ المبادرة,,,,,,,,,,,,الثانية
678,إب,الثانية,مذيخرة,استكمال رصف طريق المحارير,1500,اعمال انشائية,"22,948,796.6","18,247,848.5","4,700,948.1",4,375,0,0,0,0,0,65,"1,715",0,"22,154,900",638,638,0,0,0,0,"1,383",892,491,0,0,0,0,"2,783,000",العمل منجز ويحتاج الى محاضر اغلاق,,,,,,,,,,,,الثانية
679,إب,الثانية,مذيخرة,استكمال رصف طريق احوال البر - كومعة,2000,اعمال انشائية,"15,674,009.6","12,791,610.0","2,882,399.6",4,187,0,0,0,0,0,95,840,0,"13,282,940",455,455,0,"1,249",0,"1,249",0,0,0,0,0,0,0,"1,608,390",العمل منجز ويحتاج الى محاضر اغلاق,,,,,,,,,,,,الثانية
680,إب,الثانية,يريم,مسح وتوسعة ورصف طريق نايس,750,اعمال انشائية,"7,128,012.0","2,342,320.9","4,785,691.1",3,149,0,0,0,0,0,0,123,49,"4,004,550",196,100,96,0,0,0,414,0,414,0,0,0,0,"410,000",تم تنفيذ اعمال وقد تم استهلاك كامل الاسمنت المنصرف والمجتمع غير مستعد لاستكمال الاعمال المتبقية  كونه  يعاني من ظروف صعبة   ويجب تحفيز المجتمع لاستكمال المشروع واغلاقه كمنجز او حشد مصادر أخرى من شركاء التنمية لدعم المشروع,,,,,,,,,,,,الثانية
681,إب,الثانية,يريم,مسح وتوسعة ورصف طريق قرية الحزة العليا,550,اعمال ترابية واعمال انشائية,"6,947,687.7","2,797,696.9","4,149,990.8",4,42,0,0,0,0,0,0,0,26,"1,346,800",320,150,170,0,0,0,386,0,386,0,0,0,0,"600,000",يجب على السلطة المحلية والجمعية اعانة اللجنة المجتمعية لحشد قدرات المجتمع لاستكمال المشروع,,,,,,,,,,,,الثانية
682,إب,الثانية,يريم,مسح وتوسعة ورصف طريق الجباجبه-ارجب - بني الحارث - يريم,1500,اعمال ترابية واعمال انشائية,"11,992,540.4","3,973,839.8","8,018,700.6",0,0,0,0,0,0,0,0,0,0,0,329,0,329,0,0,0,782,0,782,0,0,0,0,0,اغلاق المشروع كمتعثر حيث لم تشكل لجان ولم يبادرو بالاعمال,,,,,,,,,,,,الثانية
683,إب,الثانية,يريم,مسح وتسوية ورصف طلعة القسم - الجبوبة,1100,اعمال انشائية,"2,075,244.0","875,915.1","1,199,328.9",4,33,0,0,0,0,0,0,0,16,"820,512",101,101,0,0,0,0,66,0,66,0,0,0,0,"387,600",تم تنفيذ اعمال غير المعتمدة بالدراسة وقد تم استهلاك كامل الاسمنت ونقترح اغلاقها مع العلم تم عمل محضر تغيير بنود اعمال وفق المنفذ بالواقع,,,,,,,,,,,,الثانية
684,إب,الثانية,يريم,مسح وتسوية ودك طريق شهصان والدخلة والدريعاء,6500,اعمال ترابية,"4,522,810.9","1,706,688.0","2,816,122.9",4,0,0,0,0,0,0,0,0,0,0,0,0,0,0,0,0,"2,850",0,"2,850",0,0,0,0,0,اغلاق المشروع كمتعثر حيث لم تشكل لجان ولم يبادرو بالاعمال,,,,,,,,,,,,الثانية
685,إب,الربع الثاني من العام 1446هـ,يريم,شق وبناء عبارات طريق جربة البيت,101,اعمال ترابية واعمال انشائية,"30,017,599.6","22,443,552.2","7,574,047.4",4,"1,056",0,"7,487",0,0,0,100,0,0,"13,415,717","1,322",150,"1,172",0,0,0,"2,523","2,023",500,0,0,0,0,"1,595,000",يتم حاليا تنفيذ الاعمال ويطالبون بكمية من الاسمنت,,,,,,,,,,,,موجودات ضمن تقرير الموقف ولا يوجد مصفوفات معمدة
686,إب,الثانية,يريم,رصف وتصريف مياه طريق قرية المخرف,550,اعمال انشائية,"9,629,470.0","3,160,866.4","6,468,603.6",0,0,0,0,0,0,0,0,0,0,0,265,0,265,0,0,0,578,0,578,0,0,0,0,0,اغلاق المشروع كمتعثر حيث لم تشكل لجان ولم يبادرو بالاعمال,,,,,,,,,,,,الثانية
687,إب,الثانية,يريم,رصف طريق لكمة الصوفي المحجر,500,اعمال انشائية,"8,606,165.0","2,833,070.7","5,773,094.3",0,0,0,0,0,0,0,0,0,0,0,237,0,237,0,0,0,514,0,514,0,0,0,0,0,اغلاق المشروع كمتعثر حيث لم تشكل لجان ولم يبادرو بالاعمال,,,,,,,,,,,,الثانية
688,إب,الربع الثاني من العام 1446هـ,يريم,رصف طريق قرية ماوه,2657,اعمال انشائية,"56,036,284.8","40,955,760.0","15,080,524.8",4,122,0,0,0,0,0,0,0,31,"1,605,800","3,325",300,"3,025",0,0,0,0,0,0,0,0,0,0,"1,290,000",تم البدء بتنفيذ الاعمال الاسمنتية,,,,,,,,,,,,موجودات ضمن تقرير الموقف ولا يوجد مصفوفات معمدة
689,إب,الربع الثاني من العام 1446هـ,يريم,رصف طريق قرية عضة,1589,اعمال انشائية,"13,191,874.4","8,291,745.0","4,900,129.4",5,75,0,0,0,0,0,0,0,51,"3,494,160",970,300,670,0,0,0,0,0,0,0,0,0,0,"1,218,000",تنفذ الاعمال جيدا,,,,,,,,,,,,موجودات ضمن تقرير الموقف ولا يوجد مصفوفات معمدة
690,إب,الربع الثاني من العام 1446هـ,يريم,رصف طريق قرية ذي اهلول,2190,اعمال انشائية,"17,313,503.3","14,843,608.5","2,469,894.8",5,236,0,0,0,0,0,13,"1,610",2,"19,918,730",432,432,0,0,0,0,0,0,0,0,0,0,0,"1,739,520",تم انجاز الاعمال بالمبادرة ويجب اغلاقها وتسليمها للجهات المعنية,,,,,,,,,,,,موجودات ضمن تقرير الموقف ولا يوجد مصفوفات معمدة
691,إب,الربع الثاني من العام 1446هـ,يريم,رصف طريق قرية الجذوه,311,اعمال انشائية,"4,048,792.2","2,575,466.3","1,473,326.0",5,75,0,0,0,0,0,0,0,55,"2,823,100",301,100,201,0,0,0,0,0,0,0,0,0,0,"430,000",يتم حاليا تنفيذ الاعمال ويطالبون بكمية من الاسمنت,,,,,,,,,,,,موجودات ضمن تقرير الموقف ولا يوجد مصفوفات معمدة
692,إب,الثانية,يريم,رصف طريق رباط الشعري والجبوبة,5000,اعمال انشائية,"14,163,787.5","4,549,676.0","9,614,111.5",4,48,0,0,0,0,0,0,0,34,"2,318,400",394,197,197,0,0,0,831,0,831,قطع كمية (2075) حجر وكمية (16)م3 صخري للمشروع بالكمبريشن التابع للوحدة,"357,250","357,250",0,"768,900",تم تنفيذ اعمال غير المعتمدة بالدراسة وقد تم استهلاك كامل الاسمنت المنصرف والمجتمع غير مستعد لاستكمال الاعمال المعتمدة بالدراسة ونقترح اغلاقها مع العلم تم عمل محضر تغيير بنود اعمال وفق المنفذ بالواقع,,,,,,,,,,,,الثانية
693,إب,الثانية,يريم,رصف طريق ذي الجدار عبوم,1000,اعمال انشائية,"2,645,040.0","935,864.6","1,709,175.4",4,59,0,0,0,0,0,0,0,33,"1,729,602",70,70,0,0,0,0,148,0,148,0,0,0,0,"273,000",تم انجاز الاعمال وقد تم عمل امر تغييري ويجب اغلاق المبادرة,,,,,,,,,,,,الثانية
694,إب,الثانية,يريم,رصف طريق دفان ذي يصرب,1500,اعمال انشائية,"7,074,246.0","2,414,563.5","4,659,682.5",0,0,0,0,0,0,0,0,0,0,0,230,0,230,0,0,0,375,0,375,0,0,0,0,0,اغلاق المشروع كمتعثر حيث لم تشكل لجان ولم يبادرو بالاعمال,,,,,,,,,,,,الثانية
695,إب,الربع الثاني من العام 1446هـ,يريم,رصف طريق الفرجدي,2010,اعمال انشائية,"41,930,518.2","35,180,070.0","6,750,448.2",3,75,0,0,0,0,0,0,261,0,"3,155,490","1,251",100,"1,151",0,0,0,0,0,0,0,0,0,0,"430,000",العمل يجري بصورة جيدة,,,,,,,,,,,,موجودات ضمن تقرير الموقف ولا يوجد مصفوفات معمدة
696,إب,الثانية,يريم,رصف طريق الرزاعي حجر ادهان,2500,اعمال انشائية,"18,833,550.0","6,014,734.6","12,818,815.4",0,0,0,0,0,0,0,0,0,0,0,525,0,525,0,0,0,"1,108",0,"1,108",0,0,0,0,0,اغلاق المشروع كمتعثر حيث لم تشكل لجان ولم يبادرو بالاعمال,,,,,,,,,,,,الثانية
697,إب,الثانية,يريم,رصف طريق الديارة القداري,1000,اعمال انشائية,"13,603,416.0","4,373,868.9","9,229,547.1",0,0,0,0,0,0,0,0,0,0,0,378,0,378,0,0,0,798,0,798,0,0,0,0,0,اغلاق المشروع كمتعثر حيث لم تشكل لجان ولم يبادرو بالاعمال,,,,,,,,,,,,الثانية
698,إب,الثانية,يريم,رصف طريق الحصن ذي خولان,1500,اعمال انشائية,"18,833,550.0","6,014,734.6","12,818,815.4",3,185,0,0,0,0,0,0,137,52,"4,263,570",525,263,262,0,0,0,"1,108",0,"1,108",0,0,0,0,"1,078,100",تم تنفيذ اعمال غير المعتمدة بالدراسة وقد تم استهلاك كامل الاسمنت المنصرف والمجتمع غير مستعد لاستكمال الاعمال المعتمدة بالدراسة ونقترح اغلاقها مع العلم تم عمل محضر تغيير بنود اعمال وفق المنفذ بالواقع,,,,,,,,,,,,الثانية
699,إب,الربع الثاني من العام 1446هـ,يريم,رصف طريق الاعكاي العقبة السفلى,1331,اعمال انشائية,"6,671,310.0","4,857,000.0","1,814,310.0",4,203,0,0,0,0,0,17,565,0,"7,463,873",368,368,0,0,0,0,0,0,0,0,0,0,0,"1,125,200",تم تنفيذ اعمال غير المعتمدة بالدراسة وقد تم استهلاك كامل الاسمنت ونقترح اغلاقها مع العلم تم عمل محضر تغيير بنود اعمال وفق المنفذ بالواقع,,,,,,,,,,,,موجودات ضمن تقرير الموقف ولا يوجد مصفوفات معمدة
700,إب,الربع الاول من العام 1446هـ,يريم,رصف طريق  شنبان,700,اعمال انشائية,"20,932,578.8","16,854,192.7","4,078,386.1",5,375,0,0,0,0,0,82,"1,483",0,"21,004,470",622,622,0,0,0,0,"1,287",0,"1,287",تعاقد مع معلم كمبريشن هواء لقطع الاحجار (10000) حجر,"2,292,125","1,375,275","916,850","2,081,260",تم انجاز الاعمال وقد تم تكسير 10 الف حجر لكمبريشن الوحدة ويجب اغلاقها,,,,,,,,,,,,الملحقة
701,إب,الثانية,يريم,ردم وتسوية ورصف طريق المنزل,3500,اعمال ترابية واعمال انشائية,"16,219,107.5","5,964,055.2","10,255,052.3",3,41,0,0,0,0,0,0,0,26,"1,810,560",420,420,0,0,0,0,"1,882",0,"1,882",0,0,0,0,"1,564,500",لم تنفذ الاعمال بحسب المنصرف حيث يتبقى كمية لدى المجتمع ولم نتلقى أي تجاوب من المجتمع وقد مخاطبة السلطة المحلية,,,,,,,,,,,,الثانية
702,إب,الربع الثاني من العام 1446هـ,يريم,إستكمال رصف طريق القلة,690,اعمال انشائية,"24,123,167.0","20,483,250.0","3,639,917.0",4,124,0,0,0,0,0,11,600,0,"7,666,500",734,182,552,0,0,0,0,0,0,0,0,0,0,"606,894",الطريق وعرة جدا وقد تم استخدام الكمية السابقة من الاسمنت وبحاجةل  صرف  دفعة من مادة الاسمنت وكذألك توفير لهم الكمبريشن .,,,,,,,,,,,,مبادرات تم صرف لها كمبات اسمنت وليست ضمن الموقف ولا يوجد لها مصفوفات معمدة
703,إب,الثانية,يريم,استكمال رصف طريق قرية عكدان,1200,اعمال انشائية,"11,050,612.5","3,572,970.2","7,477,642.3",4,116,0,0,0,0,0,0,327,5,"4,291,530",306,306,0,0,0,0,646,0,646,0,0,0,0,"615,000",تم تنفيذ الاعمال بالدفعة الأولى ولم يتم استكمال الاعمال وعلى السلطة المحلية والجمعية تفعيل المجتمع,,,,,,,,,,,,الثانية
704,إب,الثانية,يريم,استكمال رصف طريق قرية الدرب,1000,اعمال انشائية,"5,437,782.0","1,861,545.9","3,576,236.1",0,0,0,0,0,0,0,0,0,0,0,168,0,168,0,0,0,294,0,294,0,0,0,0,0,اغلاق المشروع كمتعثر حيث لم تشكل لجان ولم يبادرو بالاعمال,,,,,,,,,,,,الثانية
705,إب,الثانية,يريم,استكمال رصف طريق طلعة الضبر,300,اعمال انشائية,"5,135,580.0","1,717,229.2","3,418,350.8",3,118,0,0,0,0,0,0,0,35,"1,833,720",140,122,18,0,0,0,295,0,295,0,0,0,0,"487,400",تم تنفيذ الاعمال بصورة سيئة وهدر الاسمنت وقد تم مخاطبة السلطة المحلية بذلك ونقترح اغلاقها بوضعها الراهن,,,,,,,,,,,,الثانية
706,إب,الربع الثاني من العام 1446هـ,يريم,استكمال رصف طريق العزازي,1235,اعمال انشائية,"11,585,291.7","7,001,456.0","4,583,835.7",5,452,0,0,0,0,0,27,0,214,"15,696,469","1,078","1,078",0,0,0,0,0,0,0,0,0,0,0,"5,702,490",مبادرة منجزة ويجب اغلاقها,,,,,,,,,,,,موجودات ضمن تقرير الموقف ولا يوجد مصفوفات معمدة
707,إب,الثانية,يريم,مسح وتوسعة ورصف طريق لكمة الصوفي,3500,اعمال ترابية واعمال انشائية,"6,799,610.9","2,571,656.3","4,227,954.6",4,55,0,0,0,0,0,0,0,19,"1,087,450",211,100,111,0,0,0,535,0,535,0,0,0,0,"390,000",تم تنفيذ الاعمال بالدفعة الأولى ولم يتم استكمال الاعمال وعلى السلطة المحلية والجمعية تفعيل المجتمع,,,,,,,,,,,,الثانية
708,إب,الثانية,يريم,مسح وتوسعة ورصف طريق ظفر,700,اعمال ترابية واعمال انشائية,"10,931,672.2","3,582,218.0","7,349,454.2",3,119,0,0,0,0,0,0,357,0,"4,316,130",301,151,150,0,0,0,678,0,678,قطع كمية (1695) حجر وكمية (228)م3 صخري للمشروع بالكمبريشن التابع للوحدة,"841,143","841,143",0,"623,000",تم تنفيذ اعمال غير المعتمدة بالدراسة وقد تم استهلاك كامل الاسمنت المنصرف والمجتمع غير مستعد لاستكمال الاعمال المعتمدة بالدراسة ونقترح اغلاقها مع العلم تم عمل محضر تغيير بنود اعمال وفق المنفذ بالواقع,,,,,,,,,,,,الثانية
709,إب,الثانية,يريم,مسح وتوسعة ورصف طريق الساقمة القداري,1000,اعمال ترابية واعمال انشائية,"16,112,202.0","6,626,278.6","9,485,923.4",0,0,0,0,0,0,0,0,0,0,0,389,0,389,0,0,0,"2,199",0,"2,199",0,0,0,0,0,اغلاق المشروع كمتعثر حيث لم تشكل لجان ولم يبادرو بالاعمال,,,,,,,,,,,,الثانية
710,إب,الثانية,يريم,مسح وتوسعة ورصف طريق الدشان الشماري,800,اعمال ترابية واعمال انشائية,"7,760,407.4","2,632,881.3","5,127,526.2",0,0,0,0,0,0,0,0,0,0,0,210,0,210,0,0,0,532,0,532,0,0,0,0,0,اغلاق المشروع كمتعثر حيث لم تشكل لجان ولم يبادرو بالاعمال,,,,,,,,,,,,الثانية
711,إب,الثانية,يريم,شق وتوسعة ورصف طريق قرية ذنبان,2000,اعمال انشائية,"18,709,023.0","5,975,666.4","12,733,356.6",0,0,0,0,0,0,0,0,0,0,0,522,0,522,0,0,0,"1,100",0,"1,100",0,0,0,0,0,اغلاق المشروع كمتعثر حيث لم تشكل لجان ولم يبادرو بالاعمال,,,,,,,,,,,,الثانية
712,إب,الثانية,يريم,رصف عقبة الرزمة الحسور,1500,اعمال انشائية,"12,295,882.5","3,963,652.5","8,332,230.0",4,189,0,0,0,0,0,54,756,0,"2,025,000",341,250,91,0,0,0,720,720,0,0,0,0,0,"1,239,500",لم تنفذ الاعمال بحسب المنصرف حيث يتبقى كمية لدى المجتمع ولم نتلقى أي تجاوب من المجتمع وقد مخاطبة السلطة المحلية,,,,,,,,,,,,الثانية
713,إب,الثانية,يريم,رصف طريق هرجاب ممسى سليام,2000,اعمال انشائية,"12,607,200.0","4,061,323.1","8,545,876.9",3,9,0,0,0,0,0,4,27,0,"476,430",350,200,150,0,0,0,738,0,738,0,0,0,0,"740,000",لم تنفذ الاعمال بحسب المنصرف حيث يتبقى كمية لدى المجتمع ولم نتلقى أي تجاوب من المجتمع وقد مخاطبة السلطة المحلية,,,,,,,,,,,,الثانية
714,إب,الثانية,يريم,رصف طريق قرية خودان,1500,اعمال انشائية,"11,424,193.5","3,690,174.9","7,734,018.6",0,0,0,0,0,0,0,0,0,0,0,317,0,317,0,0,0,668,0,668,0,0,0,0,0,اغلاق المشروع كمتعثر حيث لم تشكل لجان ولم يبادرو بالاعمال,,,,,,,,,,,,الثانية
715,إب,الثانية,يريم,رصف طريق بني مسعود,1500,اعمال انشائية,"11,112,876.0","3,592,504.3","7,520,371.7",0,0,0,0,0,0,0,0,0,0,0,308,0,308,0,0,0,650,0,650,0,0,0,0,0,اغلاق المشروع كمتعثر حيث لم تشكل لجان ولم يبادرو بالاعمال,,,,,,,,,,,,الثانية
716,إب,الثانية,يريم,رصف طريق المنازل والعدوف,800,اعمال انشائية,"7,626,120.0","2,498,593.8","5,127,526.2",3,82,0,0,0,0,0,0,246,0,"2,974,140",210,100,110,0,0,0,443,0,443,0,0,0,0,"315,000",لم تنفذ الاعمال بحسب المنصرف حيث يتبقى كمية لدى المجتمع ولم نتلقى أي تجاوب من المجتمع وقد مخاطبة السلطة المحلية,,,,,,,,,,,,الثانية
717,إب,الثانية,يريم,رصف طريق العارضة - الهجرة,700,اعمال انشائية,"6,326,775.0","2,116,263.1","4,210,511.9",0,0,0,0,0,0,0,0,0,0,0,173,0,173,0,0,0,378,0,378,0,0,0,0,0,اغلاق المشروع كمتعثر حيث لم تشكل لجان ولم يبادرو بالاعمال,,,,,,,,,,,,الثانية
718,إب,الثانية,يريم,رصف طريق الشكامي,2000,اعمال انشائية,"12,731,727.0","4,100,391.3","8,631,335.7",0,0,0,0,0,0,0,0,0,0,0,354,0,354,0,0,0,746,0,746,0,0,0,0,0,اغلاق المشروع كمتعثر حيث لم تشكل لجان ولم يبادرو بالاعمال,,,,,,,,,,,,الثانية
719,إب,الثانية,يريم,رصف طريق الذراع نقيل بشر,2000,اعمال انشائية,"7,875,174.0","2,576,730.3","5,298,443.7",0,0,0,0,0,0,0,0,0,0,0,217,0,217,0,0,0,458,0,458,0,0,0,0,0,اغلاق المشروع كمتعثر حيث لم تشكل لجان ولم يبادرو بالاعمال,,,,,,,,,,,,الثانية
720,إب,الثانية,يريم,رصف طريق الحدبي الرعادي,2000,اعمال انشائية,"5,758,215.0","1,912,570.4","3,845,644.6",0,0,0,0,0,0,0,0,0,0,0,158,0,158,0,0,0,332,0,332,0,0,0,0,0,اغلاق المشروع كمتعثر حيث لم تشكل لجان ولم يبادرو بالاعمال,,,,,,,,,,,,الثانية
721,إب,الأولى,يريم,مسح ورصف طريق الوبلي - المحيب,10000,اعمال ترابية واعمال انشائية,"116,453,463.0","93,013,189.5","23,440,273.4",5,150,0,0,500,0,0,463,335,0,"20,168,460","3,045","1,015","2,030",0,0,0,"8,498","4,249","4,249",0,0,0,0,"6,377,610","تم تنفيذ الاعمال بالدفعة الأولى زجزء من الدفعة الثانية وقد تم تنفيذ اعمال عشوائية وبصزلرة سيئة وقد أفادت اللجنة بان العمل السابق انهار بسبب الامطار وتم العمل من جديد ببقية الاسمنت,على السلطة المحلية والجمعية التأكد من صحة ذلك او سحب ما تبقى من اسمنت في حال لم يتم استخدامه",,,,,,,,,,,,الأولى
722,إب,الأولى,يريم,رصف طريق نقيل التالقة الظهرة,1600,اعمال انشائية,"11,803,465.3","9,290,925.0","2,512,540.3",4,120,0,0,0,0,0,130,420,0,"9,757,800",404,404,0,0,0,0,0,0,0,0,0,0,0,"889,008",تم تنفيذ المبادرة بمواصفات ومعايير جيدة حيث اتم ستكمال غالبية بنود اعمال المشروع ولزم اغلاقها,,,,,,,,,,,,الأولى
723,إب,الأولى,يريم,رصف طريق نجد بلس,2000,اعمال انشائية,"4,611,722.0","3,286,150.0","1,325,572.0",4,120,0,0,0,0,0,0,0,48,"2,486,400",208,208,0,0,0,0,0,0,0,0,0,0,0,"828,304",تم تنفيذ الاعمال بحسب الكمية المنصرفة ولزم اغلاقها لعدم قدرة الأهالي على استكمال الاعمال,,,,,,,,,,,,الأولى
724,إب,الأولى,يريم,رصف طريق حطب,1000,اعمال انشائية,"42,519,306.4","33,882,880.0","8,636,426.4",4,550,0,0,0,0,0,118,"1,051",0,"16,481,590","1,450",725,725,0,0,0,0,0,0,0,0,0,0,"3,185,400",تم تنفيذ جزء بسيط من الاعمال ولم نجد تجاوب من قبل اللجنة المجتمعية وقد تم الرفع للسلطة المحلية ومخاطبتهم بذلك لمرتين ولم يفيدونا حتى الان,,,,,,,,,,,,الأولى
725,إب,الأولى,يريم,رصف طريق جروة بيحان,2500,اعمال انشائية,"27,205,132.5","23,440,250.0","3,764,882.5",4,70,0,0,0,0,0,0,245,0,"2,962,050",565,282,283,0,0,0,0,0,0,0,0,0,0,"1,241,328",تعثرة المبادرة عن  العمل لمدة طويلة  بسبب رفض رئيس اللجنة عن البدء  في مباشرة العمل او تسليم الكمية حيث وقد تم النزول الميداني مع ممثل الوحدة وحل الاشكالية وتفعيل المبادرة بعد تعثرها  وقد تم توقف المبادرة من جديد,,,,,,,,,,,,الأولى
الاجمــــــــــــــــــــــــــــــالي,,,,,"2,768,405",-,"12,944,885,590","9,559,952,667","3,392,201,728","2,176","232,336","30,915","132,290","85,744","1,534",14,"19,903","347,545","19,904","6,382,970,603","483,722","232,520","251,202","17,290",0,"17,290","588,505","207,409","381,096",0,"14,608,868","12,210,893","2,397,975","963,124,617",,,16,1,#REF!,8,9,#REF!,2,#REF!,#REF!,0,